{"CategoryName":"InfobloxNIOS","OverviewTemplatesDetails":[],"WidgetTemplates":[],"Definition":{"Identifier":"f8d9c91c-6077-4464-b600-ee4eba4752df","IsEnable":true,"Version":0.0,"IsArchived":false,"IsAutomatic":false,"Name":"Get RP Zone","Category":7,"Description":"Check RP Zone exists else create RP Zone.","Priority":2,"Creator":"7a62d6cc-82a4-4160-b1b3-98f97c00797b","VersionCreator":null,"VersionComment":null,"OriginalWorkflowIdentifier":"195c956a-63ef-4e19-9e90-cba2d15d542b","TemplateName":null,"PlaybookType":1,"IsDebugMode":false,"DebugBaseAlertIdentifier":"DGA - SUPPOBOX_FE6FF891-E198-4A62-9D97-2A2BB9642F8D","DebugAlertIdentifier":"DGA - SUPPOBOXB0B695DF-08A5-4154-A9F4-66444B00254B","SimulationClone":false,"DefaultAccessLevel":2,"CreationSource":1,"Steps":[{"Identifier":"042d5f65-cc73-4711-8668-de9fc15bda46","OriginalStepIdentifier":"f06b545b-b5dc-4155-9d46-0271f837850b","ParentWorkflowIdentifier":"f8d9c91c-6077-4464-b600-ee4eba4752df","ParentStepIdentifiers":[],"ParentStepIdentifier":"","PreviousResultCondition":"{}","InstanceName":"Get RP Zone Details","IsAutomatic":true,"Name":"InfobloxNIOS_Get Response Policy Zone Details","IsSkippable":false,"Description":"Retrieves configuration details for a specified RPZ.","ActionProvider":"Scripts","ActionName":"InfobloxNIOS_Get Response Policy Zone Details","Type":0,"Integration":"InfobloxNIOS","Parameters":[{"ParentStepIdentifier":"042d5f65-cc73-4711-8668-de9fc15bda46","ParentWorkflowIdentifier":"f8d9c91c-6077-4464-b600-ee4eba4752df","Name":"AssignedUsers","Value":null},{"ParentStepIdentifier":"042d5f65-cc73-4711-8668-de9fc15bda46","ParentWorkflowIdentifier":"f8d9c91c-6077-4464-b600-ee4eba4752df","Name":"DynamicInjectionInstancePlaceholder","Value":""},{"ParentStepIdentifier":"042d5f65-cc73-4711-8668-de9fc15bda46","ParentWorkflowIdentifier":"f8d9c91c-6077-4464-b600-ee4eba4752df","Name":"FallbackIntegrationInstance","Value":null},{"ParentStepIdentifier":"042d5f65-cc73-4711-8668-de9fc15bda46","ParentWorkflowIdentifier":"f8d9c91c-6077-4464-b600-ee4eba4752df","Name":"FetchInstanceByName","Value":"false"},{"ParentStepIdentifier":"042d5f65-cc73-4711-8668-de9fc15bda46","ParentWorkflowIdentifier":"f8d9c91c-6077-4464-b600-ee4eba4752df","Name":"HasApprovalLink","Value":null},{"ParentStepIdentifier":"042d5f65-cc73-4711-8668-de9fc15bda46","ParentWorkflowIdentifier":"f8d9c91c-6077-4464-b600-ee4eba4752df","Name":"IntegrationInstance","Value":"4000ecbe-cf93-4199-9a40-088367070539"},{"ParentStepIdentifier":"042d5f65-cc73-4711-8668-de9fc15bda46","ParentWorkflowIdentifier":"f8d9c91c-6077-4464-b600-ee4eba4752df","Name":"MessageToAssignee","Value":null},{"ParentStepIdentifier":"042d5f65-cc73-4711-8668-de9fc15bda46","ParentWorkflowIdentifier":"f8d9c91c-6077-4464-b600-ee4eba4752df","Name":"PendingActionTimeout","Value":null},{"ParentStepIdentifier":"042d5f65-cc73-4711-8668-de9fc15bda46","ParentWorkflowIdentifier":"f8d9c91c-6077-4464-b600-ee4eba4752df","Name":"RetryConfiguration","Value":null},{"ParentStepIdentifier":"042d5f65-cc73-4711-8668-de9fc15bda46","ParentWorkflowIdentifier":"f8d9c91c-6077-4464-b600-ee4eba4752df","Name":"ScriptName","Value":"InfobloxNIOS_Get Response Policy Zone Details"},{"ParentStepIdentifier":"042d5f65-cc73-4711-8668-de9fc15bda46","ParentWorkflowIdentifier":"f8d9c91c-6077-4464-b600-ee4eba4752df","Name":"ScriptParametersEntityFields","Value":"{\"FQDN\":\"[Input.RP Zone]\",\"View\":\"\",\"Comment\":\"\",\"Limit\":\"100\"}"},{"ParentStepIdentifier":"042d5f65-cc73-4711-8668-de9fc15bda46","ParentWorkflowIdentifier":"f8d9c91c-6077-4464-b600-ee4eba4752df","Name":"SelectedScopeName","Value":"All entities"},{"ParentStepIdentifier":"042d5f65-cc73-4711-8668-de9fc15bda46","ParentWorkflowIdentifier":"f8d9c91c-6077-4464-b600-ee4eba4752df","Name":"UseEntitiesLoopScope","Value":null}],"AutoSkipOnFailure":false,"IsDebugMockData":false,"StepDebugData":{"CreationTimeUnixTimeInMs":0,"ModificationTimeUnixTimeInMs":0,"OriginalWorkflowIdentifier":"195c956a-63ef-4e19-9e90-cba2d15d542b","OriginalStepIdentifier":"f06b545b-b5dc-4155-9d46-0271f837850b","ResultValue":"","ResultJson":"","ScopeEntitiesEnrichmentData":[],"ScopeEntitiesEnrichmentDataJson":"[]"},"ParentStepContainerId":null,"IsTouchedByAi":false,"StartLoopStepIdentifier":null,"ParallelActions":[]},{"Identifier":"3bb05af0-3032-43bd-8b37-2bb8a90c5c29","OriginalStepIdentifier":"20de8b1c-e806-4fec-9f5d-e8ef0e4baaf5","ParentWorkflowIdentifier":"f8d9c91c-6077-4464-b600-ee4eba4752df","ParentStepIdentifiers":["69bdfbb0-127d-4dd7-ad21-7a573ba27f2d"],"ParentStepIdentifier":"69bdfbb0-127d-4dd7-ad21-7a573ba27f2d","PreviousResultCondition":"{}","InstanceName":"Output_1","IsAutomatic":true,"Name":"Output","IsSkippable":false,"Description":"","ActionProvider":"Flow","ActionName":"OutputAction","Type":6,"Integration":"Flow","Parameters":[{"ParentStepIdentifier":"3bb05af0-3032-43bd-8b37-2bb8a90c5c29","ParentWorkflowIdentifier":"f8d9c91c-6077-4464-b600-ee4eba4752df","Name":"NestedWorkflowOutput","Value":"[Create Response Policy Zone.JsonResult]"}],"AutoSkipOnFailure":false,"IsDebugMockData":false,"StepDebugData":null,"ParentStepContainerId":null,"IsTouchedByAi":false,"StartLoopStepIdentifier":null,"ParallelActions":[]},{"Identifier":"4763c984-eb89-444d-a176-ea5f8cd10c78","OriginalStepIdentifier":"cba2d550-6169-41ea-b339-059270b7ee05","ParentWorkflowIdentifier":"f8d9c91c-6077-4464-b600-ee4eba4752df","ParentStepIdentifiers":["b1cd0e06-600d-4130-a77b-4560db639e83"],"ParentStepIdentifier":"b1cd0e06-600d-4130-a77b-4560db639e83","PreviousResultCondition":"{\"b1cd0e06-600d-4130-a77b-4560db639e83\":\"2\"}","InstanceName":"Output_2","IsAutomatic":true,"Name":"Output","IsSkippable":false,"Description":"","ActionProvider":"Flow","ActionName":"OutputAction","Type":6,"Integration":"Flow","Parameters":[{"ParentStepIdentifier":"4763c984-eb89-444d-a176-ea5f8cd10c78","ParentWorkflowIdentifier":"f8d9c91c-6077-4464-b600-ee4eba4752df","Name":"NestedWorkflowOutput","Value":"[Get RP Zone Details.JsonResult]"}],"AutoSkipOnFailure":false,"IsDebugMockData":false,"StepDebugData":null,"ParentStepContainerId":null,"IsTouchedByAi":false,"StartLoopStepIdentifier":null,"ParallelActions":[]},{"Identifier":"69bdfbb0-127d-4dd7-ad21-7a573ba27f2d","OriginalStepIdentifier":"83ae6e3d-a445-4f5d-80b9-7721c5391d4f","ParentWorkflowIdentifier":"f8d9c91c-6077-4464-b600-ee4eba4752df","ParentStepIdentifiers":["b1cd0e06-600d-4130-a77b-4560db639e83"],"ParentStepIdentifier":"b1cd0e06-600d-4130-a77b-4560db639e83","PreviousResultCondition":"{\"b1cd0e06-600d-4130-a77b-4560db639e83\":\"1\"}","InstanceName":"Create Response Policy Zone","IsAutomatic":true,"Name":"InfobloxNIOS_Create Response Policy Zone","IsSkippable":false,"Description":"Creates a new Response Policy Zone (RPZ) to define custom DNS responses.","ActionProvider":"Scripts","ActionName":"InfobloxNIOS_Create Response Policy Zone","Type":0,"Integration":"InfobloxNIOS","Parameters":[{"ParentStepIdentifier":"69bdfbb0-127d-4dd7-ad21-7a573ba27f2d","ParentWorkflowIdentifier":"f8d9c91c-6077-4464-b600-ee4eba4752df","Name":"AssignedUsers","Value":null},{"ParentStepIdentifier":"69bdfbb0-127d-4dd7-ad21-7a573ba27f2d","ParentWorkflowIdentifier":"f8d9c91c-6077-4464-b600-ee4eba4752df","Name":"DynamicInjectionInstancePlaceholder","Value":""},{"ParentStepIdentifier":"69bdfbb0-127d-4dd7-ad21-7a573ba27f2d","ParentWorkflowIdentifier":"f8d9c91c-6077-4464-b600-ee4eba4752df","Name":"FallbackIntegrationInstance","Value":null},{"ParentStepIdentifier":"69bdfbb0-127d-4dd7-ad21-7a573ba27f2d","ParentWorkflowIdentifier":"f8d9c91c-6077-4464-b600-ee4eba4752df","Name":"FetchInstanceByName","Value":"false"},{"ParentStepIdentifier":"69bdfbb0-127d-4dd7-ad21-7a573ba27f2d","ParentWorkflowIdentifier":"f8d9c91c-6077-4464-b600-ee4eba4752df","Name":"HasApprovalLink","Value":null},{"ParentStepIdentifier":"69bdfbb0-127d-4dd7-ad21-7a573ba27f2d","ParentWorkflowIdentifier":"f8d9c91c-6077-4464-b600-ee4eba4752df","Name":"IntegrationInstance","Value":"4000ecbe-cf93-4199-9a40-088367070539"},{"ParentStepIdentifier":"69bdfbb0-127d-4dd7-ad21-7a573ba27f2d","ParentWorkflowIdentifier":"f8d9c91c-6077-4464-b600-ee4eba4752df","Name":"MessageToAssignee","Value":null},{"ParentStepIdentifier":"69bdfbb0-127d-4dd7-ad21-7a573ba27f2d","ParentWorkflowIdentifier":"f8d9c91c-6077-4464-b600-ee4eba4752df","Name":"PendingActionTimeout","Value":null},{"ParentStepIdentifier":"69bdfbb0-127d-4dd7-ad21-7a573ba27f2d","ParentWorkflowIdentifier":"f8d9c91c-6077-4464-b600-ee4eba4752df","Name":"RetryConfiguration","Value":null},{"ParentStepIdentifier":"69bdfbb0-127d-4dd7-ad21-7a573ba27f2d","ParentWorkflowIdentifier":"f8d9c91c-6077-4464-b600-ee4eba4752df","Name":"ScriptName","Value":"InfobloxNIOS_Create Response Policy Zone"},{"ParentStepIdentifier":"69bdfbb0-127d-4dd7-ad21-7a573ba27f2d","ParentWorkflowIdentifier":"f8d9c91c-6077-4464-b600-ee4eba4752df","Name":"ScriptParametersEntityFields","Value":"{\"FQDN\":\"[Input.RP Zone]\\n\",\"Substitute Name\":\"\",\"Comment\":\"\",\"RPZ Policy\":\"GIVEN\",\"RPZ Severity\":\"MAJOR\",\"RPZ Type\":\"LOCAL\",\"Fireeye Rule Mapping\":null,\"Additional Parameters\":\"\"}"},{"ParentStepIdentifier":"69bdfbb0-127d-4dd7-ad21-7a573ba27f2d","ParentWorkflowIdentifier":"f8d9c91c-6077-4464-b600-ee4eba4752df","Name":"SelectedScopeName","Value":"All entities"},{"ParentStepIdentifier":"69bdfbb0-127d-4dd7-ad21-7a573ba27f2d","ParentWorkflowIdentifier":"f8d9c91c-6077-4464-b600-ee4eba4752df","Name":"UseEntitiesLoopScope","Value":null}],"AutoSkipOnFailure":false,"IsDebugMockData":false,"StepDebugData":{"CreationTimeUnixTimeInMs":0,"ModificationTimeUnixTimeInMs":0,"OriginalWorkflowIdentifier":"195c956a-63ef-4e19-9e90-cba2d15d542b","OriginalStepIdentifier":"83ae6e3d-a445-4f5d-80b9-7721c5391d4f","ResultValue":"","ResultJson":"","ScopeEntitiesEnrichmentData":[],"ScopeEntitiesEnrichmentDataJson":"[]"},"ParentStepContainerId":null,"IsTouchedByAi":false,"StartLoopStepIdentifier":null,"ParallelActions":[]},{"Identifier":"b1cd0e06-600d-4130-a77b-4560db639e83","OriginalStepIdentifier":"a8f96d48-bbe2-4051-b1c5-027febab864a","ParentWorkflowIdentifier":"f8d9c91c-6077-4464-b600-ee4eba4752df","ParentStepIdentifiers":["042d5f65-cc73-4711-8668-de9fc15bda46"],"ParentStepIdentifier":"042d5f65-cc73-4711-8668-de9fc15bda46","PreviousResultCondition":"{}","InstanceName":"Check RP Zone exists","IsAutomatic":true,"Name":"Condition","IsSkippable":false,"Description":"Check if RP Zone exists or not","ActionProvider":"Flow","ActionName":"IfFlowCondition","Type":4,"Integration":"Flow","Parameters":[{"ParentStepIdentifier":"b1cd0e06-600d-4130-a77b-4560db639e83","ParentWorkflowIdentifier":"f8d9c91c-6077-4464-b600-ee4eba4752df","Name":"AssignedUsers","Value":null},{"ParentStepIdentifier":"b1cd0e06-600d-4130-a77b-4560db639e83","ParentWorkflowIdentifier":"f8d9c91c-6077-4464-b600-ee4eba4752df","Name":"Branches","Value":"[{\"LogicalOperator\":0,\"Conditions\":[{\"Operator\":7,\"FieldName\":\"[Get RP Zone Details.JsonResult| \\\"_ref\\\"]\",\"Type\":7,\"Value\":\"\"}],\"Order\":1,\"IsDefaultBranch\":false,\"Name\":\"Branch\"},{\"LogicalOperator\":0,\"Conditions\":[],\"Order\":2,\"IsDefaultBranch\":true,\"Name\":\"Branch\"}]"},{"ParentStepIdentifier":"b1cd0e06-600d-4130-a77b-4560db639e83","ParentWorkflowIdentifier":"f8d9c91c-6077-4464-b600-ee4eba4752df","Name":"ErrorFallbackBranch","Value":null},{"ParentStepIdentifier":"b1cd0e06-600d-4130-a77b-4560db639e83","ParentWorkflowIdentifier":"f8d9c91c-6077-4464-b600-ee4eba4752df","Name":"HasApprovalLink","Value":null},{"ParentStepIdentifier":"b1cd0e06-600d-4130-a77b-4560db639e83","ParentWorkflowIdentifier":"f8d9c91c-6077-4464-b600-ee4eba4752df","Name":"MessageToAssignee","Value":null},{"ParentStepIdentifier":"b1cd0e06-600d-4130-a77b-4560db639e83","ParentWorkflowIdentifier":"f8d9c91c-6077-4464-b600-ee4eba4752df","Name":"PendingActionTimeout","Value":null},{"ParentStepIdentifier":"b1cd0e06-600d-4130-a77b-4560db639e83","ParentWorkflowIdentifier":"f8d9c91c-6077-4464-b600-ee4eba4752df","Name":"SelectedScopeName","Value":"All entities"},{"ParentStepIdentifier":"b1cd0e06-600d-4130-a77b-4560db639e83","ParentWorkflowIdentifier":"f8d9c91c-6077-4464-b600-ee4eba4752df","Name":"UseEntitiesLoopScope","Value":"true"}],"AutoSkipOnFailure":false,"IsDebugMockData":false,"StepDebugData":null,"ParentStepContainerId":null,"IsTouchedByAi":false,"StartLoopStepIdentifier":null,"ParallelActions":[]}],"Triggers":[{"Identifier":"37058f68-1ae4-4aa3-92b1-a4aa998ecce4","IsEnabled":true,"DefinitionIdentifier":"f8d9c91c-6077-4464-b600-ee4eba4752df","Type":11,"WorkflowName":null,"LogicalOperator":0,"Conditions":[{"FieldName":"RP Zone","MatchType":0,"Value":"\n"}],"Environments":["*"]}],"OverviewTemplates":[],"Permissions":[],"Environments":["*"]}}