{"CategoryName":"Imported Playbooks","OverviewTemplatesDetails":[{"OverviewTemplate":{"Identifier":"61bb5d23-131e-4f0b-b33b-282a82f5f6fc","Name":"URL Lookup Result","Creator":null,"PlaybookDefinitionIdentifier":"233eb404-46c2-4ba0-b5c8-883efdd12115","Type":0,"AlertRuleType":null,"Roles":[],"Widgets":[{"Title":"URL TIDE Lookup","Description":"URL TIDE information from Infoblox.","Identifier":"20bdd865-2d16-4f36-baa3-50ebb48ecdf8","Order":1,"TemplateIdentifier":"61bb5d23-131e-4f0b-b33b-282a82f5f6fc","Type":2,"DataDefinitionJson":"{\n  \"dataSource\": \"[URL Lookup Block.Infoblox - TIDE URL Lookup.JsonResult]\",\n  \"jsonSample\": null,\n  \"type\": 2,\n  \"widgetDefinitionScope\": 2\n}","GridColumns":1,"ActionWidgetTemplateIdentifier":null,"StepIdentifier":null,"StepIntegration":null,"BlockStepIdentifier":null,"BlockStepInstanceName":null,"PresentIfEmpty":false,"ConditionsGroup":{"Conditions":[],"LogicalOperator":0},"IntegrationName":""},{"Title":"URL Dossier Lookup","Description":"URL Lookup with the Infoblox Dossier.","Identifier":"ed4886bc-9a4d-4b57-9c1a-f22b112cc456","Order":2,"TemplateIdentifier":"61bb5d23-131e-4f0b-b33b-282a82f5f6fc","Type":2,"DataDefinitionJson":"{\n  \"dataSource\": \"[URL Lookup Block.Infoblox - Dossier URL Lookup.JsonResult]\\n\",\n  \"jsonSample\": null,\n  \"type\": 2,\n  \"widgetDefinitionScope\": 2\n}","GridColumns":1,"ActionWidgetTemplateIdentifier":null,"StepIdentifier":null,"StepIntegration":null,"BlockStepIdentifier":null,"BlockStepInstanceName":null,"PresentIfEmpty":false,"ConditionsGroup":{"Conditions":[],"LogicalOperator":0},"IntegrationName":""}]},"Roles":["Administrator","Tier1","Tier2","Tier3","SocManager","CISO"]}],"WidgetTemplates":[{"Title":"URL TIDE Lookup","Description":"URL TIDE information from Infoblox.","Identifier":"20bdd865-2d16-4f36-baa3-50ebb48ecdf8","Order":1,"TemplateIdentifier":"61bb5d23-131e-4f0b-b33b-282a82f5f6fc","Type":2,"DataDefinitionJson":"{\n  \"dataSource\": \"[URL Lookup Block.Infoblox - TIDE URL Lookup.JsonResult]\",\n  \"jsonSample\": null,\n  \"type\": 2,\n  \"widgetDefinitionScope\": 2\n}","GridColumns":1,"ActionWidgetTemplateIdentifier":null,"StepIdentifier":null,"StepIntegration":null,"BlockStepIdentifier":null,"BlockStepInstanceName":null,"PresentIfEmpty":false,"ConditionsGroup":{"Conditions":[],"LogicalOperator":0},"IntegrationName":""},{"Title":"URL Dossier Lookup","Description":"URL Lookup with the Infoblox Dossier.","Identifier":"ed4886bc-9a4d-4b57-9c1a-f22b112cc456","Order":2,"TemplateIdentifier":"61bb5d23-131e-4f0b-b33b-282a82f5f6fc","Type":2,"DataDefinitionJson":"{\n  \"dataSource\": \"[URL Lookup Block.Infoblox - Dossier URL Lookup.JsonResult]\\n\",\n  \"jsonSample\": null,\n  \"type\": 2,\n  \"widgetDefinitionScope\": 2\n}","GridColumns":1,"ActionWidgetTemplateIdentifier":null,"StepIdentifier":null,"StepIntegration":null,"BlockStepIdentifier":null,"BlockStepInstanceName":null,"PresentIfEmpty":false,"ConditionsGroup":{"Conditions":[],"LogicalOperator":0},"IntegrationName":""}],"Definition":{"Identifier":"233eb404-46c2-4ba0-b5c8-883efdd12115","IsEnable":true,"Version":0.0,"IsArchived":false,"IsAutomatic":true,"Name":"URL Lookup - Infoblox","Category":5,"Description":"Looks up URL information from Infoblox.","Priority":2,"Creator":"99de6441-a995-4190-82dd-f6a9f449cae5","VersionCreator":null,"VersionComment":null,"OriginalWorkflowIdentifier":"233eb404-46c2-4ba0-b5c8-883efdd12115","TemplateName":null,"PlaybookType":0,"IsDebugMode":false,"DebugBaseAlertIdentifier":null,"DebugAlertIdentifier":null,"SimulationClone":false,"DefaultAccessLevel":2,"CreationSource":1,"Steps":[{"Identifier":"1a24ebb5-f817-4a4a-a929-2e0e50482cf4","OriginalStepIdentifier":"1a24ebb5-f817-4a4a-a929-2e0e50482cf4","ParentWorkflowIdentifier":"233eb404-46c2-4ba0-b5c8-883efdd12115","ParentStepIdentifiers":[],"ParentStepIdentifier":"","PreviousResultCondition":null,"InstanceName":"URL Input","IsAutomatic":false,"Name":"Indicator Input","IsSkippable":false,"Description":"Add Indicator Input","ActionProvider":"Flow","ActionName":"NestedAction","Type":5,"Integration":"Siemplify","Parameters":[{"ParentStepIdentifier":"1a24ebb5-f817-4a4a-a929-2e0e50482cf4","ParentWorkflowIdentifier":"233eb404-46c2-4ba0-b5c8-883efdd12115","Name":"AssignedUsers","Value":"[\"@Administrator\"]"},{"ParentStepIdentifier":"1a24ebb5-f817-4a4a-a929-2e0e50482cf4","ParentWorkflowIdentifier":"233eb404-46c2-4ba0-b5c8-883efdd12115","Name":"DynamicInjectionInstancePlaceholder","Value":null},{"ParentStepIdentifier":"1a24ebb5-f817-4a4a-a929-2e0e50482cf4","ParentWorkflowIdentifier":"233eb404-46c2-4ba0-b5c8-883efdd12115","Name":"FetchInstanceByName","Value":null},{"ParentStepIdentifier":"1a24ebb5-f817-4a4a-a929-2e0e50482cf4","ParentWorkflowIdentifier":"233eb404-46c2-4ba0-b5c8-883efdd12115","Name":"HasApprovalLink","Value":null},{"ParentStepIdentifier":"1a24ebb5-f817-4a4a-a929-2e0e50482cf4","ParentWorkflowIdentifier":"233eb404-46c2-4ba0-b5c8-883efdd12115","Name":"MessageToAssignee","Value":"Please enter a valid URL for URL Lookup"},{"ParentStepIdentifier":"1a24ebb5-f817-4a4a-a929-2e0e50482cf4","ParentWorkflowIdentifier":"233eb404-46c2-4ba0-b5c8-883efdd12115","Name":"NestedWorkflowIdentifier","Value":"01acdee6-2031-47a5-8d43-4010c533aad4"},{"ParentStepIdentifier":"1a24ebb5-f817-4a4a-a929-2e0e50482cf4","ParentWorkflowIdentifier":"233eb404-46c2-4ba0-b5c8-883efdd12115","Name":"NestedWorkflowInputs","Value":"[{\"FieldName\":\"Indicator\",\"Value\":null}]"},{"ParentStepIdentifier":"1a24ebb5-f817-4a4a-a929-2e0e50482cf4","ParentWorkflowIdentifier":"233eb404-46c2-4ba0-b5c8-883efdd12115","Name":"PendingActionTimeout","Value":null},{"ParentStepIdentifier":"1a24ebb5-f817-4a4a-a929-2e0e50482cf4","ParentWorkflowIdentifier":"233eb404-46c2-4ba0-b5c8-883efdd12115","Name":"UseEntitiesLoopScope","Value":"true"}],"AutoSkipOnFailure":false,"IsDebugMockData":false,"StepDebugData":null,"ParentStepContainerId":null,"IsTouchedByAi":false,"StartLoopStepIdentifier":null,"ParallelActions":[]},{"Identifier":"c59be9ba-1367-4a69-970f-0c9192521feb","OriginalStepIdentifier":"c59be9ba-1367-4a69-970f-0c9192521feb","ParentWorkflowIdentifier":"233eb404-46c2-4ba0-b5c8-883efdd12115","ParentStepIdentifiers":["1a24ebb5-f817-4a4a-a929-2e0e50482cf4"],"ParentStepIdentifier":"1a24ebb5-f817-4a4a-a929-2e0e50482cf4","PreviousResultCondition":"{}","InstanceName":"URL Lookup Block","IsAutomatic":true,"Name":"URL Lookup Block","IsSkippable":false,"Description":"Looks up URL information from Infoblox.","ActionProvider":"Flow","ActionName":"NestedAction","Type":5,"Integration":"Siemplify","Parameters":[{"ParentStepIdentifier":"c59be9ba-1367-4a69-970f-0c9192521feb","ParentWorkflowIdentifier":"233eb404-46c2-4ba0-b5c8-883efdd12115","Name":"AssignedUsers","Value":null},{"ParentStepIdentifier":"c59be9ba-1367-4a69-970f-0c9192521feb","ParentWorkflowIdentifier":"233eb404-46c2-4ba0-b5c8-883efdd12115","Name":"DynamicInjectionInstancePlaceholder","Value":null},{"ParentStepIdentifier":"c59be9ba-1367-4a69-970f-0c9192521feb","ParentWorkflowIdentifier":"233eb404-46c2-4ba0-b5c8-883efdd12115","Name":"FetchInstanceByName","Value":null},{"ParentStepIdentifier":"c59be9ba-1367-4a69-970f-0c9192521feb","ParentWorkflowIdentifier":"233eb404-46c2-4ba0-b5c8-883efdd12115","Name":"HasApprovalLink","Value":null},{"ParentStepIdentifier":"c59be9ba-1367-4a69-970f-0c9192521feb","ParentWorkflowIdentifier":"233eb404-46c2-4ba0-b5c8-883efdd12115","Name":"MessageToAssignee","Value":null},{"ParentStepIdentifier":"c59be9ba-1367-4a69-970f-0c9192521feb","ParentWorkflowIdentifier":"233eb404-46c2-4ba0-b5c8-883efdd12115","Name":"NestedWorkflowIdentifier","Value":"d679f165-3907-4783-b02d-bee6f201cd1c"},{"ParentStepIdentifier":"c59be9ba-1367-4a69-970f-0c9192521feb","ParentWorkflowIdentifier":"233eb404-46c2-4ba0-b5c8-883efdd12115","Name":"NestedWorkflowInputs","Value":"[{\"FieldName\":\"Indicator\",\"Value\":\"[URL Input.ReturnValue]\"}]"},{"ParentStepIdentifier":"c59be9ba-1367-4a69-970f-0c9192521feb","ParentWorkflowIdentifier":"233eb404-46c2-4ba0-b5c8-883efdd12115","Name":"PendingActionTimeout","Value":null}],"AutoSkipOnFailure":false,"IsDebugMockData":false,"StepDebugData":null,"ParentStepContainerId":null,"IsTouchedByAi":false,"StartLoopStepIdentifier":null,"ParallelActions":[]}],"Triggers":[{"Identifier":"17ede550-8637-4966-a43b-9a9f1c79c826","IsEnabled":true,"DefinitionIdentifier":"233eb404-46c2-4ba0-b5c8-883efdd12115","Type":10,"WorkflowName":null,"LogicalOperator":0,"Conditions":[{"FieldName":"[Entity.Type]","MatchType":0,"Value":"URL"}],"Environments":["*"]}],"OverviewTemplates":[{"Identifier":"61bb5d23-131e-4f0b-b33b-282a82f5f6fc","Name":"URL Lookup Result","Creator":null,"PlaybookDefinitionIdentifier":"233eb404-46c2-4ba0-b5c8-883efdd12115","Type":0,"AlertRuleType":null,"Roles":[],"Widgets":[{"Title":"URL TIDE Lookup","Description":"URL TIDE information from Infoblox.","Identifier":"20bdd865-2d16-4f36-baa3-50ebb48ecdf8","Order":1,"TemplateIdentifier":"61bb5d23-131e-4f0b-b33b-282a82f5f6fc","Type":2,"DataDefinitionJson":"{\n  \"dataSource\": \"[URL Lookup Block.Infoblox - TIDE URL Lookup.JsonResult]\",\n  \"jsonSample\": null,\n  \"type\": 2,\n  \"widgetDefinitionScope\": 2\n}","GridColumns":1,"ActionWidgetTemplateIdentifier":null,"StepIdentifier":null,"StepIntegration":null,"BlockStepIdentifier":null,"BlockStepInstanceName":null,"PresentIfEmpty":false,"ConditionsGroup":{"Conditions":[],"LogicalOperator":0},"IntegrationName":""},{"Title":"URL Dossier Lookup","Description":"URL Lookup with the Infoblox Dossier.","Identifier":"ed4886bc-9a4d-4b57-9c1a-f22b112cc456","Order":2,"TemplateIdentifier":"61bb5d23-131e-4f0b-b33b-282a82f5f6fc","Type":2,"DataDefinitionJson":"{\n  \"dataSource\": \"[URL Lookup Block.Infoblox - Dossier URL Lookup.JsonResult]\\n\",\n  \"jsonSample\": null,\n  \"type\": 2,\n  \"widgetDefinitionScope\": 2\n}","GridColumns":1,"ActionWidgetTemplateIdentifier":null,"StepIdentifier":null,"StepIntegration":null,"BlockStepIdentifier":null,"BlockStepInstanceName":null,"PresentIfEmpty":false,"ConditionsGroup":{"Conditions":[],"LogicalOperator":0},"IntegrationName":""}]}],"Permissions":[],"Environments":["*"]}}