{"CategoryName":"Imported Playbooks","OverviewTemplatesDetails":[],"WidgetTemplates":[],"Definition":{"Identifier":"7146f77c-450d-414d-867d-68c8e930e50d","IsEnable":true,"Version":0.0,"IsArchived":false,"IsAutomatic":true,"Name":"Block Indicators  -  Infoblox","Category":5,"Description":"Block Indicators by adding them into the Default Block List.","Priority":3,"Creator":"99de6441-a995-4190-82dd-f6a9f449cae5","VersionCreator":null,"VersionComment":null,"OriginalWorkflowIdentifier":"d7f5b792-47fc-4f5d-820d-11156046e8dd","TemplateName":null,"PlaybookType":0,"IsDebugMode":false,"DebugBaseAlertIdentifier":null,"DebugAlertIdentifier":null,"SimulationClone":false,"DefaultAccessLevel":2,"CreationSource":1,"Steps":[{"Identifier":"a1df86f4-0a97-4e06-afc6-95169c1e72ae","OriginalStepIdentifier":"81f693a8-4ca7-44c1-8e7c-0c8c415437b6","ParentWorkflowIdentifier":"7146f77c-450d-414d-867d-68c8e930e50d","ParentStepIdentifiers":["a6fde5b8-3e20-4976-adda-298ad2cdb97a"],"ParentStepIdentifier":"a6fde5b8-3e20-4976-adda-298ad2cdb97a","PreviousResultCondition":"{}","InstanceName":"Block Indicator Block","IsAutomatic":true,"Name":"Block Indicator Block","IsSkippable":false,"Description":"Block a user-specified indicators by adding it to the Infoblox default block list and removing it from the default allow list.","ActionProvider":"Flow","ActionName":"NestedAction","Type":5,"Integration":"Siemplify","Parameters":[{"ParentStepIdentifier":"a1df86f4-0a97-4e06-afc6-95169c1e72ae","ParentWorkflowIdentifier":"7146f77c-450d-414d-867d-68c8e930e50d","Name":"AssignedUsers","Value":null},{"ParentStepIdentifier":"a1df86f4-0a97-4e06-afc6-95169c1e72ae","ParentWorkflowIdentifier":"7146f77c-450d-414d-867d-68c8e930e50d","Name":"DynamicInjectionInstancePlaceholder","Value":null},{"ParentStepIdentifier":"a1df86f4-0a97-4e06-afc6-95169c1e72ae","ParentWorkflowIdentifier":"7146f77c-450d-414d-867d-68c8e930e50d","Name":"FetchInstanceByName","Value":null},{"ParentStepIdentifier":"a1df86f4-0a97-4e06-afc6-95169c1e72ae","ParentWorkflowIdentifier":"7146f77c-450d-414d-867d-68c8e930e50d","Name":"HasApprovalLink","Value":null},{"ParentStepIdentifier":"a1df86f4-0a97-4e06-afc6-95169c1e72ae","ParentWorkflowIdentifier":"7146f77c-450d-414d-867d-68c8e930e50d","Name":"MessageToAssignee","Value":null},{"ParentStepIdentifier":"a1df86f4-0a97-4e06-afc6-95169c1e72ae","ParentWorkflowIdentifier":"7146f77c-450d-414d-867d-68c8e930e50d","Name":"NestedWorkflowIdentifier","Value":"baf1ba7b-b66a-4f17-84a8-823d8882da25"},{"ParentStepIdentifier":"a1df86f4-0a97-4e06-afc6-95169c1e72ae","ParentWorkflowIdentifier":"7146f77c-450d-414d-867d-68c8e930e50d","Name":"NestedWorkflowInputs","Value":"[{\"FieldName\":\"Indicator\",\"Value\":\"[Add Indicators to Block.ReturnValue]\"}]"},{"ParentStepIdentifier":"a1df86f4-0a97-4e06-afc6-95169c1e72ae","ParentWorkflowIdentifier":"7146f77c-450d-414d-867d-68c8e930e50d","Name":"PendingActionTimeout","Value":null},{"ParentStepIdentifier":"a1df86f4-0a97-4e06-afc6-95169c1e72ae","ParentWorkflowIdentifier":"7146f77c-450d-414d-867d-68c8e930e50d","Name":"UseEntitiesLoopScope","Value":"true"}],"AutoSkipOnFailure":false,"IsDebugMockData":false,"StepDebugData":null,"ParentStepContainerId":null,"IsTouchedByAi":false,"StartLoopStepIdentifier":null,"ParallelActions":[]},{"Identifier":"a6fde5b8-3e20-4976-adda-298ad2cdb97a","OriginalStepIdentifier":"edf67a5a-db2a-473a-a772-f7587045d006","ParentWorkflowIdentifier":"7146f77c-450d-414d-867d-68c8e930e50d","ParentStepIdentifiers":[],"ParentStepIdentifier":"","PreviousResultCondition":null,"InstanceName":"Add Indicators to Block","IsAutomatic":false,"Name":"Indicator Input","IsSkippable":false,"Description":"Add Indicator Input","ActionProvider":"Flow","ActionName":"NestedAction","Type":5,"Integration":"Siemplify","Parameters":[{"ParentStepIdentifier":"a6fde5b8-3e20-4976-adda-298ad2cdb97a","ParentWorkflowIdentifier":"7146f77c-450d-414d-867d-68c8e930e50d","Name":"AssignedUsers","Value":"[\"@Administrator\"]"},{"ParentStepIdentifier":"a6fde5b8-3e20-4976-adda-298ad2cdb97a","ParentWorkflowIdentifier":"7146f77c-450d-414d-867d-68c8e930e50d","Name":"DynamicInjectionInstancePlaceholder","Value":null},{"ParentStepIdentifier":"a6fde5b8-3e20-4976-adda-298ad2cdb97a","ParentWorkflowIdentifier":"7146f77c-450d-414d-867d-68c8e930e50d","Name":"FetchInstanceByName","Value":null},{"ParentStepIdentifier":"a6fde5b8-3e20-4976-adda-298ad2cdb97a","ParentWorkflowIdentifier":"7146f77c-450d-414d-867d-68c8e930e50d","Name":"HasApprovalLink","Value":null},{"ParentStepIdentifier":"a6fde5b8-3e20-4976-adda-298ad2cdb97a","ParentWorkflowIdentifier":"7146f77c-450d-414d-867d-68c8e930e50d","Name":"MessageToAssignee","Value":"Add comma-separated IPS/Domains to Block"},{"ParentStepIdentifier":"a6fde5b8-3e20-4976-adda-298ad2cdb97a","ParentWorkflowIdentifier":"7146f77c-450d-414d-867d-68c8e930e50d","Name":"NestedWorkflowIdentifier","Value":"01acdee6-2031-47a5-8d43-4010c533aad4"},{"ParentStepIdentifier":"a6fde5b8-3e20-4976-adda-298ad2cdb97a","ParentWorkflowIdentifier":"7146f77c-450d-414d-867d-68c8e930e50d","Name":"NestedWorkflowInputs","Value":"[{\"FieldName\":\"Indicator\",\"Value\":null}]"},{"ParentStepIdentifier":"a6fde5b8-3e20-4976-adda-298ad2cdb97a","ParentWorkflowIdentifier":"7146f77c-450d-414d-867d-68c8e930e50d","Name":"PendingActionTimeout","Value":null},{"ParentStepIdentifier":"a6fde5b8-3e20-4976-adda-298ad2cdb97a","ParentWorkflowIdentifier":"7146f77c-450d-414d-867d-68c8e930e50d","Name":"UseEntitiesLoopScope","Value":"true"}],"AutoSkipOnFailure":false,"IsDebugMockData":false,"StepDebugData":null,"ParentStepContainerId":null,"IsTouchedByAi":false,"StartLoopStepIdentifier":null,"ParallelActions":[]}],"Triggers":[{"Identifier":"d2b8a67a-5539-4e7d-b691-611df0381991","IsEnabled":true,"DefinitionIdentifier":"7146f77c-450d-414d-867d-68c8e930e50d","Type":10,"WorkflowName":null,"LogicalOperator":0,"Conditions":[{"FieldName":"[Entity.Type]","MatchType":0,"Value":"ADDRESS"}],"Environments":["*"]}],"OverviewTemplates":[],"Permissions":[],"Environments":["*"]}}