{"CategoryName":"Imported Playbooks","OverviewTemplatesDetails":[{"OverviewTemplate":{"Identifier":"08724bcd-daa9-428d-86b5-4f564a43ac97","Name":"Host Lookup Result","Creator":null,"PlaybookDefinitionIdentifier":"7d6694db-a335-4f4e-8fc0-fb97e8150065","Type":0,"AlertRuleType":null,"Roles":[],"Widgets":[{"Title":"TIDE Result","Description":"TIDE Lookup result for a Host from Infoblox.","Identifier":"7e2ff4c1-1d2f-4c19-bdbd-11bc26460e5f","Order":1,"TemplateIdentifier":"08724bcd-daa9-428d-86b5-4f564a43ac97","Type":2,"DataDefinitionJson":"{\n  \"dataSource\": \"[Host Lookup Block.Infoblox - Host TIDE Lookup.JsonResult]\",\n  \"jsonSample\": null,\n  \"type\": 2,\n  \"widgetDefinitionScope\": 2\n}","GridColumns":1,"ActionWidgetTemplateIdentifier":null,"StepIdentifier":null,"StepIntegration":null,"BlockStepIdentifier":null,"BlockStepInstanceName":null,"PresentIfEmpty":false,"ConditionsGroup":{"Conditions":[],"LogicalOperator":0},"IntegrationName":""},{"Title":"Dossier Result","Description":"Dossier Lookup result for a Host from Infoblox.","Identifier":"f912d9bf-e979-4ffb-889a-b1dfec571b3e","Order":2,"TemplateIdentifier":"08724bcd-daa9-428d-86b5-4f564a43ac97","Type":2,"DataDefinitionJson":"{\n  \"dataSource\": \"[Host Lookup Block.Infoblox - Dossier Host Lookup.JsonResult]\",\n  \"jsonSample\": null,\n  \"type\": 2,\n  \"widgetDefinitionScope\": 2\n}","GridColumns":1,"ActionWidgetTemplateIdentifier":null,"StepIdentifier":null,"StepIntegration":null,"BlockStepIdentifier":null,"BlockStepInstanceName":null,"PresentIfEmpty":false,"ConditionsGroup":{"Conditions":[],"LogicalOperator":0},"IntegrationName":""},{"Title":"Host Lookup","Description":"IPAM Host information from Infoblox.","Identifier":"4e0cde52-3062-42d8-8432-63e287542258","Order":3,"TemplateIdentifier":"08724bcd-daa9-428d-86b5-4f564a43ac97","Type":2,"DataDefinitionJson":"{\n  \"dataSource\": \"[Host Lookup Block.Infoblox - Host Lookup.JsonResult]\",\n  \"jsonSample\": null,\n  \"type\": 2,\n  \"widgetDefinitionScope\": 2\n}","GridColumns":1,"ActionWidgetTemplateIdentifier":null,"StepIdentifier":null,"StepIntegration":null,"BlockStepIdentifier":null,"BlockStepInstanceName":null,"PresentIfEmpty":false,"ConditionsGroup":{"Conditions":[],"LogicalOperator":0},"IntegrationName":""}]},"Roles":["Administrator","Tier1","Tier2","Tier3","SocManager","CISO"]}],"WidgetTemplates":[{"Title":"TIDE Result","Description":"TIDE Lookup result for a Host from Infoblox.","Identifier":"7e2ff4c1-1d2f-4c19-bdbd-11bc26460e5f","Order":1,"TemplateIdentifier":"08724bcd-daa9-428d-86b5-4f564a43ac97","Type":2,"DataDefinitionJson":"{\n  \"dataSource\": \"[Host Lookup Block.Infoblox - Host TIDE Lookup.JsonResult]\",\n  \"jsonSample\": null,\n  \"type\": 2,\n  \"widgetDefinitionScope\": 2\n}","GridColumns":1,"ActionWidgetTemplateIdentifier":null,"StepIdentifier":null,"StepIntegration":null,"BlockStepIdentifier":null,"BlockStepInstanceName":null,"PresentIfEmpty":false,"ConditionsGroup":{"Conditions":[],"LogicalOperator":0},"IntegrationName":""},{"Title":"Dossier Result","Description":"Dossier Lookup result for a Host from Infoblox.","Identifier":"f912d9bf-e979-4ffb-889a-b1dfec571b3e","Order":2,"TemplateIdentifier":"08724bcd-daa9-428d-86b5-4f564a43ac97","Type":2,"DataDefinitionJson":"{\n  \"dataSource\": \"[Host Lookup Block.Infoblox - Dossier Host Lookup.JsonResult]\",\n  \"jsonSample\": null,\n  \"type\": 2,\n  \"widgetDefinitionScope\": 2\n}","GridColumns":1,"ActionWidgetTemplateIdentifier":null,"StepIdentifier":null,"StepIntegration":null,"BlockStepIdentifier":null,"BlockStepInstanceName":null,"PresentIfEmpty":false,"ConditionsGroup":{"Conditions":[],"LogicalOperator":0},"IntegrationName":""},{"Title":"Host Lookup","Description":"IPAM Host information from Infoblox.","Identifier":"4e0cde52-3062-42d8-8432-63e287542258","Order":3,"TemplateIdentifier":"08724bcd-daa9-428d-86b5-4f564a43ac97","Type":2,"DataDefinitionJson":"{\n  \"dataSource\": \"[Host Lookup Block.Infoblox - Host Lookup.JsonResult]\",\n  \"jsonSample\": null,\n  \"type\": 2,\n  \"widgetDefinitionScope\": 2\n}","GridColumns":1,"ActionWidgetTemplateIdentifier":null,"StepIdentifier":null,"StepIntegration":null,"BlockStepIdentifier":null,"BlockStepInstanceName":null,"PresentIfEmpty":false,"ConditionsGroup":{"Conditions":[],"LogicalOperator":0},"IntegrationName":""}],"Definition":{"Identifier":"7d6694db-a335-4f4e-8fc0-fb97e8150065","IsEnable":true,"Version":0.0,"IsArchived":false,"IsAutomatic":true,"Name":"Host Lookup - Infoblox","Category":5,"Description":"Pulls Dossier, TIDE, and Asset data for any given Host.","Priority":2,"Creator":"99de6441-a995-4190-82dd-f6a9f449cae5","VersionCreator":null,"VersionComment":null,"OriginalWorkflowIdentifier":"7d6694db-a335-4f4e-8fc0-fb97e8150065","TemplateName":null,"PlaybookType":0,"IsDebugMode":false,"DebugBaseAlertIdentifier":null,"DebugAlertIdentifier":null,"SimulationClone":false,"DefaultAccessLevel":2,"CreationSource":1,"Steps":[{"Identifier":"1fd97c5b-5769-441d-b74a-491f3014fe95","OriginalStepIdentifier":"1fd97c5b-5769-441d-b74a-491f3014fe95","ParentWorkflowIdentifier":"7d6694db-a335-4f4e-8fc0-fb97e8150065","ParentStepIdentifiers":["f0911812-fc67-47e8-a925-8e303aef121d"],"ParentStepIdentifier":"f0911812-fc67-47e8-a925-8e303aef121d","PreviousResultCondition":"{}","InstanceName":"Host Lookup Block","IsAutomatic":true,"Name":"Host Lookup Block","IsSkippable":false,"Description":"Pulls Dossier, TIDE, and Asset data for any given Host.","ActionProvider":"Flow","ActionName":"NestedAction","Type":5,"Integration":"Siemplify","Parameters":[{"ParentStepIdentifier":"1fd97c5b-5769-441d-b74a-491f3014fe95","ParentWorkflowIdentifier":"7d6694db-a335-4f4e-8fc0-fb97e8150065","Name":"AssignedUsers","Value":null},{"ParentStepIdentifier":"1fd97c5b-5769-441d-b74a-491f3014fe95","ParentWorkflowIdentifier":"7d6694db-a335-4f4e-8fc0-fb97e8150065","Name":"DynamicInjectionInstancePlaceholder","Value":null},{"ParentStepIdentifier":"1fd97c5b-5769-441d-b74a-491f3014fe95","ParentWorkflowIdentifier":"7d6694db-a335-4f4e-8fc0-fb97e8150065","Name":"FetchInstanceByName","Value":null},{"ParentStepIdentifier":"1fd97c5b-5769-441d-b74a-491f3014fe95","ParentWorkflowIdentifier":"7d6694db-a335-4f4e-8fc0-fb97e8150065","Name":"HasApprovalLink","Value":null},{"ParentStepIdentifier":"1fd97c5b-5769-441d-b74a-491f3014fe95","ParentWorkflowIdentifier":"7d6694db-a335-4f4e-8fc0-fb97e8150065","Name":"MessageToAssignee","Value":null},{"ParentStepIdentifier":"1fd97c5b-5769-441d-b74a-491f3014fe95","ParentWorkflowIdentifier":"7d6694db-a335-4f4e-8fc0-fb97e8150065","Name":"NestedWorkflowIdentifier","Value":"a690fd60-3a84-42f8-804f-8e08d9e4b5c5"},{"ParentStepIdentifier":"1fd97c5b-5769-441d-b74a-491f3014fe95","ParentWorkflowIdentifier":"7d6694db-a335-4f4e-8fc0-fb97e8150065","Name":"NestedWorkflowInputs","Value":"[{\"FieldName\":\"Indicator\",\"Value\":\"[Host Input.ReturnValue]\"}]"},{"ParentStepIdentifier":"1fd97c5b-5769-441d-b74a-491f3014fe95","ParentWorkflowIdentifier":"7d6694db-a335-4f4e-8fc0-fb97e8150065","Name":"PendingActionTimeout","Value":null}],"AutoSkipOnFailure":false,"IsDebugMockData":false,"StepDebugData":null,"ParentStepContainerId":null,"IsTouchedByAi":false,"StartLoopStepIdentifier":null,"ParallelActions":[]},{"Identifier":"f0911812-fc67-47e8-a925-8e303aef121d","OriginalStepIdentifier":"f0911812-fc67-47e8-a925-8e303aef121d","ParentWorkflowIdentifier":"7d6694db-a335-4f4e-8fc0-fb97e8150065","ParentStepIdentifiers":[],"ParentStepIdentifier":"","PreviousResultCondition":null,"InstanceName":"Host Input","IsAutomatic":false,"Name":"Indicator Input","IsSkippable":false,"Description":"Add Indicator Input","ActionProvider":"Flow","ActionName":"NestedAction","Type":5,"Integration":"Siemplify","Parameters":[{"ParentStepIdentifier":"f0911812-fc67-47e8-a925-8e303aef121d","ParentWorkflowIdentifier":"7d6694db-a335-4f4e-8fc0-fb97e8150065","Name":"AssignedUsers","Value":"[\"@Administrator\"]"},{"ParentStepIdentifier":"f0911812-fc67-47e8-a925-8e303aef121d","ParentWorkflowIdentifier":"7d6694db-a335-4f4e-8fc0-fb97e8150065","Name":"DynamicInjectionInstancePlaceholder","Value":null},{"ParentStepIdentifier":"f0911812-fc67-47e8-a925-8e303aef121d","ParentWorkflowIdentifier":"7d6694db-a335-4f4e-8fc0-fb97e8150065","Name":"FetchInstanceByName","Value":null},{"ParentStepIdentifier":"f0911812-fc67-47e8-a925-8e303aef121d","ParentWorkflowIdentifier":"7d6694db-a335-4f4e-8fc0-fb97e8150065","Name":"HasApprovalLink","Value":null},{"ParentStepIdentifier":"f0911812-fc67-47e8-a925-8e303aef121d","ParentWorkflowIdentifier":"7d6694db-a335-4f4e-8fc0-fb97e8150065","Name":"MessageToAssignee","Value":"Please enter a valid hostname for Host Lookup"},{"ParentStepIdentifier":"f0911812-fc67-47e8-a925-8e303aef121d","ParentWorkflowIdentifier":"7d6694db-a335-4f4e-8fc0-fb97e8150065","Name":"NestedWorkflowIdentifier","Value":"01acdee6-2031-47a5-8d43-4010c533aad4"},{"ParentStepIdentifier":"f0911812-fc67-47e8-a925-8e303aef121d","ParentWorkflowIdentifier":"7d6694db-a335-4f4e-8fc0-fb97e8150065","Name":"NestedWorkflowInputs","Value":"[{\"FieldName\":\"Indicator\",\"Value\":null}]"},{"ParentStepIdentifier":"f0911812-fc67-47e8-a925-8e303aef121d","ParentWorkflowIdentifier":"7d6694db-a335-4f4e-8fc0-fb97e8150065","Name":"PendingActionTimeout","Value":null},{"ParentStepIdentifier":"f0911812-fc67-47e8-a925-8e303aef121d","ParentWorkflowIdentifier":"7d6694db-a335-4f4e-8fc0-fb97e8150065","Name":"UseEntitiesLoopScope","Value":"true"}],"AutoSkipOnFailure":false,"IsDebugMockData":false,"StepDebugData":null,"ParentStepContainerId":null,"IsTouchedByAi":false,"StartLoopStepIdentifier":null,"ParallelActions":[]}],"Triggers":[{"Identifier":"f879d840-eda7-42f2-af39-c45f2d0d76d2","IsEnabled":true,"DefinitionIdentifier":"7d6694db-a335-4f4e-8fc0-fb97e8150065","Type":8,"WorkflowName":null,"LogicalOperator":0,"Conditions":[{"FieldName":"","MatchType":0,"Value":""}],"Environments":["*"]}],"OverviewTemplates":[{"Identifier":"08724bcd-daa9-428d-86b5-4f564a43ac97","Name":"Host Lookup Result","Creator":null,"PlaybookDefinitionIdentifier":"7d6694db-a335-4f4e-8fc0-fb97e8150065","Type":0,"AlertRuleType":null,"Roles":[],"Widgets":[{"Title":"TIDE Result","Description":"TIDE Lookup result for a Host from Infoblox.","Identifier":"7e2ff4c1-1d2f-4c19-bdbd-11bc26460e5f","Order":1,"TemplateIdentifier":"08724bcd-daa9-428d-86b5-4f564a43ac97","Type":2,"DataDefinitionJson":"{\n  \"dataSource\": \"[Host Lookup Block.Infoblox - Host TIDE Lookup.JsonResult]\",\n  \"jsonSample\": null,\n  \"type\": 2,\n  \"widgetDefinitionScope\": 2\n}","GridColumns":1,"ActionWidgetTemplateIdentifier":null,"StepIdentifier":null,"StepIntegration":null,"BlockStepIdentifier":null,"BlockStepInstanceName":null,"PresentIfEmpty":false,"ConditionsGroup":{"Conditions":[],"LogicalOperator":0},"IntegrationName":""},{"Title":"Dossier Result","Description":"Dossier Lookup result for a Host from Infoblox.","Identifier":"f912d9bf-e979-4ffb-889a-b1dfec571b3e","Order":2,"TemplateIdentifier":"08724bcd-daa9-428d-86b5-4f564a43ac97","Type":2,"DataDefinitionJson":"{\n  \"dataSource\": \"[Host Lookup Block.Infoblox - Dossier Host Lookup.JsonResult]\",\n  \"jsonSample\": null,\n  \"type\": 2,\n  \"widgetDefinitionScope\": 2\n}","GridColumns":1,"ActionWidgetTemplateIdentifier":null,"StepIdentifier":null,"StepIntegration":null,"BlockStepIdentifier":null,"BlockStepInstanceName":null,"PresentIfEmpty":false,"ConditionsGroup":{"Conditions":[],"LogicalOperator":0},"IntegrationName":""},{"Title":"Host Lookup","Description":"IPAM Host information from Infoblox.","Identifier":"4e0cde52-3062-42d8-8432-63e287542258","Order":3,"TemplateIdentifier":"08724bcd-daa9-428d-86b5-4f564a43ac97","Type":2,"DataDefinitionJson":"{\n  \"dataSource\": \"[Host Lookup Block.Infoblox - Host Lookup.JsonResult]\",\n  \"jsonSample\": null,\n  \"type\": 2,\n  \"widgetDefinitionScope\": 2\n}","GridColumns":1,"ActionWidgetTemplateIdentifier":null,"StepIdentifier":null,"StepIntegration":null,"BlockStepIdentifier":null,"BlockStepInstanceName":null,"PresentIfEmpty":false,"ConditionsGroup":{"Conditions":[],"LogicalOperator":0},"IntegrationName":""}]}],"Permissions":[],"Environments":["*"]}}