{"CategoryName":"Imported Playbooks","OverviewTemplatesDetails":[{"OverviewTemplate":{"Identifier":"c2db7b20-9e85-4152-9f28-b890e36b3bb5","Name":"IP Lookup Result","Creator":null,"PlaybookDefinitionIdentifier":"341e7c6c-f898-4a63-91a7-c77cd852fa2f","Type":0,"AlertRuleType":null,"Roles":[],"Widgets":[{"Title":"TIDE Result","Description":"","Identifier":"16ffe66d-cd26-4ea7-bc04-4804144c8585","Order":1,"TemplateIdentifier":"c2db7b20-9e85-4152-9f28-b890e36b3bb5","Type":2,"DataDefinitionJson":"{\n  \"dataSource\": \"[IP Lookup Block.Infoblox - IP TIDE Lookup.JsonResult]\\n\",\n  \"jsonSample\": null,\n  \"type\": 2,\n  \"widgetDefinitionScope\": 2\n}","GridColumns":1,"ActionWidgetTemplateIdentifier":null,"StepIdentifier":null,"StepIntegration":null,"BlockStepIdentifier":null,"BlockStepInstanceName":null,"PresentIfEmpty":false,"ConditionsGroup":{"Conditions":[],"LogicalOperator":0},"IntegrationName":""},{"Title":"Dossier Result","Description":"","Identifier":"f9161bc7-5c6b-41be-80e7-a0120c317c51","Order":2,"TemplateIdentifier":"c2db7b20-9e85-4152-9f28-b890e36b3bb5","Type":2,"DataDefinitionJson":"{\n  \"dataSource\": \"[IP Lookup Block.Infoblox - Dossier IP Lookup.JsonResult]\",\n  \"jsonSample\": null,\n  \"type\": 2,\n  \"widgetDefinitionScope\": 2\n}","GridColumns":1,"ActionWidgetTemplateIdentifier":null,"StepIdentifier":null,"StepIntegration":null,"BlockStepIdentifier":null,"BlockStepInstanceName":null,"PresentIfEmpty":false,"ConditionsGroup":{"Conditions":[],"LogicalOperator":0},"IntegrationName":""},{"Title":"IP Lookup","Description":"","Identifier":"5250d0e7-afc1-459c-b463-c026aee45f30","Order":3,"TemplateIdentifier":"c2db7b20-9e85-4152-9f28-b890e36b3bb5","Type":2,"DataDefinitionJson":"{\n  \"dataSource\": \"[IP Lookup Block.Infoblox - IPAM Address Lookup.JsonResult]\",\n  \"jsonSample\": null,\n  \"type\": 2,\n  \"widgetDefinitionScope\": 2\n}","GridColumns":1,"ActionWidgetTemplateIdentifier":null,"StepIdentifier":null,"StepIntegration":null,"BlockStepIdentifier":null,"BlockStepInstanceName":null,"PresentIfEmpty":false,"ConditionsGroup":{"Conditions":[],"LogicalOperator":0},"IntegrationName":""}]},"Roles":["Administrator","Tier1","Tier2","Tier3","SocManager","CISO"]}],"WidgetTemplates":[{"Title":"TIDE Result","Description":"","Identifier":"16ffe66d-cd26-4ea7-bc04-4804144c8585","Order":1,"TemplateIdentifier":"c2db7b20-9e85-4152-9f28-b890e36b3bb5","Type":2,"DataDefinitionJson":"{\n  \"dataSource\": \"[IP Lookup Block.Infoblox - IP TIDE Lookup.JsonResult]\\n\",\n  \"jsonSample\": null,\n  \"type\": 2,\n  \"widgetDefinitionScope\": 2\n}","GridColumns":1,"ActionWidgetTemplateIdentifier":null,"StepIdentifier":null,"StepIntegration":null,"BlockStepIdentifier":null,"BlockStepInstanceName":null,"PresentIfEmpty":false,"ConditionsGroup":{"Conditions":[],"LogicalOperator":0},"IntegrationName":""},{"Title":"Dossier Result","Description":"","Identifier":"f9161bc7-5c6b-41be-80e7-a0120c317c51","Order":2,"TemplateIdentifier":"c2db7b20-9e85-4152-9f28-b890e36b3bb5","Type":2,"DataDefinitionJson":"{\n  \"dataSource\": \"[IP Lookup Block.Infoblox - Dossier IP Lookup.JsonResult]\",\n  \"jsonSample\": null,\n  \"type\": 2,\n  \"widgetDefinitionScope\": 2\n}","GridColumns":1,"ActionWidgetTemplateIdentifier":null,"StepIdentifier":null,"StepIntegration":null,"BlockStepIdentifier":null,"BlockStepInstanceName":null,"PresentIfEmpty":false,"ConditionsGroup":{"Conditions":[],"LogicalOperator":0},"IntegrationName":""},{"Title":"IP Lookup","Description":"","Identifier":"5250d0e7-afc1-459c-b463-c026aee45f30","Order":3,"TemplateIdentifier":"c2db7b20-9e85-4152-9f28-b890e36b3bb5","Type":2,"DataDefinitionJson":"{\n  \"dataSource\": \"[IP Lookup Block.Infoblox - IPAM Address Lookup.JsonResult]\",\n  \"jsonSample\": null,\n  \"type\": 2,\n  \"widgetDefinitionScope\": 2\n}","GridColumns":1,"ActionWidgetTemplateIdentifier":null,"StepIdentifier":null,"StepIntegration":null,"BlockStepIdentifier":null,"BlockStepInstanceName":null,"PresentIfEmpty":false,"ConditionsGroup":{"Conditions":[],"LogicalOperator":0},"IntegrationName":""}],"Definition":{"Identifier":"341e7c6c-f898-4a63-91a7-c77cd852fa2f","IsEnable":true,"Version":0.0,"IsArchived":false,"IsAutomatic":true,"Name":"IP Lookup - Infoblox","Category":5,"Description":"Pulls Dossier, TIDE, and Asset data for any given IP Address.","Priority":2,"Creator":"99de6441-a995-4190-82dd-f6a9f449cae5","VersionCreator":null,"VersionComment":null,"OriginalWorkflowIdentifier":"341e7c6c-f898-4a63-91a7-c77cd852fa2f","TemplateName":null,"PlaybookType":0,"IsDebugMode":false,"DebugBaseAlertIdentifier":null,"DebugAlertIdentifier":null,"SimulationClone":false,"DefaultAccessLevel":2,"CreationSource":1,"Steps":[{"Identifier":"3d43cc8a-b538-4157-a767-f95286bf3119","OriginalStepIdentifier":"3d43cc8a-b538-4157-a767-f95286bf3119","ParentWorkflowIdentifier":"341e7c6c-f898-4a63-91a7-c77cd852fa2f","ParentStepIdentifiers":[],"ParentStepIdentifier":"","PreviousResultCondition":null,"InstanceName":"IP Input","IsAutomatic":false,"Name":"Indicator Input","IsSkippable":false,"Description":"Add Indicator Input","ActionProvider":"Flow","ActionName":"NestedAction","Type":5,"Integration":"Siemplify","Parameters":[{"ParentStepIdentifier":"3d43cc8a-b538-4157-a767-f95286bf3119","ParentWorkflowIdentifier":"341e7c6c-f898-4a63-91a7-c77cd852fa2f","Name":"AssignedUsers","Value":"[\"@Administrator\"]"},{"ParentStepIdentifier":"3d43cc8a-b538-4157-a767-f95286bf3119","ParentWorkflowIdentifier":"341e7c6c-f898-4a63-91a7-c77cd852fa2f","Name":"DynamicInjectionInstancePlaceholder","Value":null},{"ParentStepIdentifier":"3d43cc8a-b538-4157-a767-f95286bf3119","ParentWorkflowIdentifier":"341e7c6c-f898-4a63-91a7-c77cd852fa2f","Name":"FetchInstanceByName","Value":null},{"ParentStepIdentifier":"3d43cc8a-b538-4157-a767-f95286bf3119","ParentWorkflowIdentifier":"341e7c6c-f898-4a63-91a7-c77cd852fa2f","Name":"HasApprovalLink","Value":null},{"ParentStepIdentifier":"3d43cc8a-b538-4157-a767-f95286bf3119","ParentWorkflowIdentifier":"341e7c6c-f898-4a63-91a7-c77cd852fa2f","Name":"MessageToAssignee","Value":"Please enter a valid IP address for IP Lookup"},{"ParentStepIdentifier":"3d43cc8a-b538-4157-a767-f95286bf3119","ParentWorkflowIdentifier":"341e7c6c-f898-4a63-91a7-c77cd852fa2f","Name":"NestedWorkflowIdentifier","Value":"01acdee6-2031-47a5-8d43-4010c533aad4"},{"ParentStepIdentifier":"3d43cc8a-b538-4157-a767-f95286bf3119","ParentWorkflowIdentifier":"341e7c6c-f898-4a63-91a7-c77cd852fa2f","Name":"NestedWorkflowInputs","Value":"[{\"FieldName\":\"Indicator\",\"Value\":null}]"},{"ParentStepIdentifier":"3d43cc8a-b538-4157-a767-f95286bf3119","ParentWorkflowIdentifier":"341e7c6c-f898-4a63-91a7-c77cd852fa2f","Name":"PendingActionTimeout","Value":null},{"ParentStepIdentifier":"3d43cc8a-b538-4157-a767-f95286bf3119","ParentWorkflowIdentifier":"341e7c6c-f898-4a63-91a7-c77cd852fa2f","Name":"UseEntitiesLoopScope","Value":"true"}],"AutoSkipOnFailure":false,"IsDebugMockData":false,"StepDebugData":null,"ParentStepContainerId":null,"IsTouchedByAi":false,"StartLoopStepIdentifier":null,"ParallelActions":[]},{"Identifier":"db56cc86-04f2-4097-ad45-2dce1703061b","OriginalStepIdentifier":"db56cc86-04f2-4097-ad45-2dce1703061b","ParentWorkflowIdentifier":"341e7c6c-f898-4a63-91a7-c77cd852fa2f","ParentStepIdentifiers":["3d43cc8a-b538-4157-a767-f95286bf3119"],"ParentStepIdentifier":"3d43cc8a-b538-4157-a767-f95286bf3119","PreviousResultCondition":"{}","InstanceName":"IP Lookup Block","IsAutomatic":true,"Name":"IP Lookup Block","IsSkippable":false,"Description":"Pulls Dossier, TIDE, and Asset data for any given IP Address.","ActionProvider":"Flow","ActionName":"NestedAction","Type":5,"Integration":"Siemplify","Parameters":[{"ParentStepIdentifier":"db56cc86-04f2-4097-ad45-2dce1703061b","ParentWorkflowIdentifier":"341e7c6c-f898-4a63-91a7-c77cd852fa2f","Name":"AssignedUsers","Value":null},{"ParentStepIdentifier":"db56cc86-04f2-4097-ad45-2dce1703061b","ParentWorkflowIdentifier":"341e7c6c-f898-4a63-91a7-c77cd852fa2f","Name":"DynamicInjectionInstancePlaceholder","Value":null},{"ParentStepIdentifier":"db56cc86-04f2-4097-ad45-2dce1703061b","ParentWorkflowIdentifier":"341e7c6c-f898-4a63-91a7-c77cd852fa2f","Name":"FetchInstanceByName","Value":null},{"ParentStepIdentifier":"db56cc86-04f2-4097-ad45-2dce1703061b","ParentWorkflowIdentifier":"341e7c6c-f898-4a63-91a7-c77cd852fa2f","Name":"HasApprovalLink","Value":null},{"ParentStepIdentifier":"db56cc86-04f2-4097-ad45-2dce1703061b","ParentWorkflowIdentifier":"341e7c6c-f898-4a63-91a7-c77cd852fa2f","Name":"MessageToAssignee","Value":null},{"ParentStepIdentifier":"db56cc86-04f2-4097-ad45-2dce1703061b","ParentWorkflowIdentifier":"341e7c6c-f898-4a63-91a7-c77cd852fa2f","Name":"NestedWorkflowIdentifier","Value":"72b6bcf3-e788-40a5-901b-9b28def6d267"},{"ParentStepIdentifier":"db56cc86-04f2-4097-ad45-2dce1703061b","ParentWorkflowIdentifier":"341e7c6c-f898-4a63-91a7-c77cd852fa2f","Name":"NestedWorkflowInputs","Value":"[{\"FieldName\":\"Indicator\",\"Value\":\"[IP Input.ReturnValue]\"}]"},{"ParentStepIdentifier":"db56cc86-04f2-4097-ad45-2dce1703061b","ParentWorkflowIdentifier":"341e7c6c-f898-4a63-91a7-c77cd852fa2f","Name":"PendingActionTimeout","Value":null}],"AutoSkipOnFailure":false,"IsDebugMockData":false,"StepDebugData":null,"ParentStepContainerId":null,"IsTouchedByAi":false,"StartLoopStepIdentifier":null,"ParallelActions":[]}],"Triggers":[{"Identifier":"f6663221-664d-4583-a1a3-fef06de5a80f","IsEnabled":true,"DefinitionIdentifier":"341e7c6c-f898-4a63-91a7-c77cd852fa2f","Type":10,"WorkflowName":null,"LogicalOperator":0,"Conditions":[{"FieldName":"[Entity.Type]","MatchType":0,"Value":"ADDRESS"}],"Environments":["*"]}],"OverviewTemplates":[{"Identifier":"c2db7b20-9e85-4152-9f28-b890e36b3bb5","Name":"IP Lookup Result","Creator":null,"PlaybookDefinitionIdentifier":"341e7c6c-f898-4a63-91a7-c77cd852fa2f","Type":0,"AlertRuleType":null,"Roles":[],"Widgets":[{"Title":"TIDE Result","Description":"","Identifier":"16ffe66d-cd26-4ea7-bc04-4804144c8585","Order":1,"TemplateIdentifier":"c2db7b20-9e85-4152-9f28-b890e36b3bb5","Type":2,"DataDefinitionJson":"{\n  \"dataSource\": \"[IP Lookup Block.Infoblox - IP TIDE Lookup.JsonResult]\\n\",\n  \"jsonSample\": null,\n  \"type\": 2,\n  \"widgetDefinitionScope\": 2\n}","GridColumns":1,"ActionWidgetTemplateIdentifier":null,"StepIdentifier":null,"StepIntegration":null,"BlockStepIdentifier":null,"BlockStepInstanceName":null,"PresentIfEmpty":false,"ConditionsGroup":{"Conditions":[],"LogicalOperator":0},"IntegrationName":""},{"Title":"Dossier Result","Description":"","Identifier":"f9161bc7-5c6b-41be-80e7-a0120c317c51","Order":2,"TemplateIdentifier":"c2db7b20-9e85-4152-9f28-b890e36b3bb5","Type":2,"DataDefinitionJson":"{\n  \"dataSource\": \"[IP Lookup Block.Infoblox - Dossier IP Lookup.JsonResult]\",\n  \"jsonSample\": null,\n  \"type\": 2,\n  \"widgetDefinitionScope\": 2\n}","GridColumns":1,"ActionWidgetTemplateIdentifier":null,"StepIdentifier":null,"StepIntegration":null,"BlockStepIdentifier":null,"BlockStepInstanceName":null,"PresentIfEmpty":false,"ConditionsGroup":{"Conditions":[],"LogicalOperator":0},"IntegrationName":""},{"Title":"IP Lookup","Description":"","Identifier":"5250d0e7-afc1-459c-b463-c026aee45f30","Order":3,"TemplateIdentifier":"c2db7b20-9e85-4152-9f28-b890e36b3bb5","Type":2,"DataDefinitionJson":"{\n  \"dataSource\": \"[IP Lookup Block.Infoblox - IPAM Address Lookup.JsonResult]\",\n  \"jsonSample\": null,\n  \"type\": 2,\n  \"widgetDefinitionScope\": 2\n}","GridColumns":1,"ActionWidgetTemplateIdentifier":null,"StepIdentifier":null,"StepIntegration":null,"BlockStepIdentifier":null,"BlockStepInstanceName":null,"PresentIfEmpty":false,"ConditionsGroup":{"Conditions":[],"LogicalOperator":0},"IntegrationName":""}]}],"Permissions":[],"Environments":["*"]}}