{"CategoryName":"Imported Playbooks","OverviewTemplatesDetails":[{"OverviewTemplate":{"Identifier":"f6d61523-6f85-4f02-8bd3-184febb5ec1d","Name":"MAC Lease Result","Creator":null,"PlaybookDefinitionIdentifier":"ea0f2ead-20ef-4b87-aabc-74f50e1cf111","Type":0,"AlertRuleType":null,"Roles":[],"Widgets":[{"Title":"MAC Lease Lookup","Description":"MAC Lease Lookup from Infoblox.","Identifier":"4458bae9-a204-4767-a34f-8b7bd55d554a","Order":2,"TemplateIdentifier":"f6d61523-6f85-4f02-8bd3-184febb5ec1d","Type":2,"DataDefinitionJson":"{\n  \"dataSource\": \"[MAC Lease Lookup Block_1.Infoblox - MAC Lease Lookup.JsonResult]\",\n  \"jsonSample\": null,\n  \"type\": 2,\n  \"widgetDefinitionScope\": 2\n}","GridColumns":1,"ActionWidgetTemplateIdentifier":null,"StepIdentifier":null,"StepIntegration":null,"BlockStepIdentifier":null,"BlockStepInstanceName":null,"PresentIfEmpty":false,"ConditionsGroup":{"Conditions":[],"LogicalOperator":0},"IntegrationName":""}]},"Roles":["Administrator","Tier1","Tier2","Tier3","SocManager","CISO"]}],"WidgetTemplates":[{"Title":"MAC Lease Lookup","Description":"MAC Lease Lookup from Infoblox.","Identifier":"4458bae9-a204-4767-a34f-8b7bd55d554a","Order":2,"TemplateIdentifier":"f6d61523-6f85-4f02-8bd3-184febb5ec1d","Type":2,"DataDefinitionJson":"{\n  \"dataSource\": \"[MAC Lease Lookup Block_1.Infoblox - MAC Lease Lookup.JsonResult]\",\n  \"jsonSample\": null,\n  \"type\": 2,\n  \"widgetDefinitionScope\": 2\n}","GridColumns":1,"ActionWidgetTemplateIdentifier":null,"StepIdentifier":null,"StepIntegration":null,"BlockStepIdentifier":null,"BlockStepInstanceName":null,"PresentIfEmpty":false,"ConditionsGroup":{"Conditions":[],"LogicalOperator":0},"IntegrationName":""}],"Definition":{"Identifier":"ea0f2ead-20ef-4b87-aabc-74f50e1cf111","IsEnable":true,"Version":0.0,"IsArchived":false,"IsAutomatic":true,"Name":"MAC Lease Lookup - Infoblox","Category":5,"Description":"Looks up MAC lease information from Infoblox.","Priority":2,"Creator":"99de6441-a995-4190-82dd-f6a9f449cae5","VersionCreator":null,"VersionComment":null,"OriginalWorkflowIdentifier":"ea0f2ead-20ef-4b87-aabc-74f50e1cf111","TemplateName":null,"PlaybookType":0,"IsDebugMode":false,"DebugBaseAlertIdentifier":null,"DebugAlertIdentifier":null,"SimulationClone":false,"DefaultAccessLevel":2,"CreationSource":1,"Steps":[{"Identifier":"81960b87-3b4f-470f-95dc-145d3daeb8c5","OriginalStepIdentifier":"81960b87-3b4f-470f-95dc-145d3daeb8c5","ParentWorkflowIdentifier":"ea0f2ead-20ef-4b87-aabc-74f50e1cf111","ParentStepIdentifiers":[],"ParentStepIdentifier":"","PreviousResultCondition":null,"InstanceName":"MAC Address Input","IsAutomatic":false,"Name":"Indicator Input","IsSkippable":false,"Description":"Add Indicator Input","ActionProvider":"Flow","ActionName":"NestedAction","Type":5,"Integration":"Siemplify","Parameters":[{"ParentStepIdentifier":"81960b87-3b4f-470f-95dc-145d3daeb8c5","ParentWorkflowIdentifier":"ea0f2ead-20ef-4b87-aabc-74f50e1cf111","Name":"AssignedUsers","Value":"[\"@Administrator\"]"},{"ParentStepIdentifier":"81960b87-3b4f-470f-95dc-145d3daeb8c5","ParentWorkflowIdentifier":"ea0f2ead-20ef-4b87-aabc-74f50e1cf111","Name":"DynamicInjectionInstancePlaceholder","Value":null},{"ParentStepIdentifier":"81960b87-3b4f-470f-95dc-145d3daeb8c5","ParentWorkflowIdentifier":"ea0f2ead-20ef-4b87-aabc-74f50e1cf111","Name":"FetchInstanceByName","Value":null},{"ParentStepIdentifier":"81960b87-3b4f-470f-95dc-145d3daeb8c5","ParentWorkflowIdentifier":"ea0f2ead-20ef-4b87-aabc-74f50e1cf111","Name":"HasApprovalLink","Value":null},{"ParentStepIdentifier":"81960b87-3b4f-470f-95dc-145d3daeb8c5","ParentWorkflowIdentifier":"ea0f2ead-20ef-4b87-aabc-74f50e1cf111","Name":"MessageToAssignee","Value":"Please enter a valid MAC Address for the Lease Lookup."},{"ParentStepIdentifier":"81960b87-3b4f-470f-95dc-145d3daeb8c5","ParentWorkflowIdentifier":"ea0f2ead-20ef-4b87-aabc-74f50e1cf111","Name":"NestedWorkflowIdentifier","Value":"01acdee6-2031-47a5-8d43-4010c533aad4"},{"ParentStepIdentifier":"81960b87-3b4f-470f-95dc-145d3daeb8c5","ParentWorkflowIdentifier":"ea0f2ead-20ef-4b87-aabc-74f50e1cf111","Name":"NestedWorkflowInputs","Value":"[{\"FieldName\":\"Indicator\",\"Value\":null}]"},{"ParentStepIdentifier":"81960b87-3b4f-470f-95dc-145d3daeb8c5","ParentWorkflowIdentifier":"ea0f2ead-20ef-4b87-aabc-74f50e1cf111","Name":"PendingActionTimeout","Value":null},{"ParentStepIdentifier":"81960b87-3b4f-470f-95dc-145d3daeb8c5","ParentWorkflowIdentifier":"ea0f2ead-20ef-4b87-aabc-74f50e1cf111","Name":"UseEntitiesLoopScope","Value":"true"}],"AutoSkipOnFailure":false,"IsDebugMockData":false,"StepDebugData":null,"ParentStepContainerId":null,"IsTouchedByAi":false,"StartLoopStepIdentifier":null,"ParallelActions":[]},{"Identifier":"dc36da3d-f936-468f-ad10-0583f604ca3b","OriginalStepIdentifier":"dc36da3d-f936-468f-ad10-0583f604ca3b","ParentWorkflowIdentifier":"ea0f2ead-20ef-4b87-aabc-74f50e1cf111","ParentStepIdentifiers":["81960b87-3b4f-470f-95dc-145d3daeb8c5"],"ParentStepIdentifier":"81960b87-3b4f-470f-95dc-145d3daeb8c5","PreviousResultCondition":"{}","InstanceName":"MAC Lease Lookup Block_1","IsAutomatic":true,"Name":"MAC Lease Lookup Block","IsSkippable":false,"Description":"Looks up MAC lease information from Infoblox.","ActionProvider":"Flow","ActionName":"NestedAction","Type":5,"Integration":"Siemplify","Parameters":[{"ParentStepIdentifier":"dc36da3d-f936-468f-ad10-0583f604ca3b","ParentWorkflowIdentifier":"ea0f2ead-20ef-4b87-aabc-74f50e1cf111","Name":"AssignedUsers","Value":null},{"ParentStepIdentifier":"dc36da3d-f936-468f-ad10-0583f604ca3b","ParentWorkflowIdentifier":"ea0f2ead-20ef-4b87-aabc-74f50e1cf111","Name":"DynamicInjectionInstancePlaceholder","Value":null},{"ParentStepIdentifier":"dc36da3d-f936-468f-ad10-0583f604ca3b","ParentWorkflowIdentifier":"ea0f2ead-20ef-4b87-aabc-74f50e1cf111","Name":"FetchInstanceByName","Value":null},{"ParentStepIdentifier":"dc36da3d-f936-468f-ad10-0583f604ca3b","ParentWorkflowIdentifier":"ea0f2ead-20ef-4b87-aabc-74f50e1cf111","Name":"HasApprovalLink","Value":null},{"ParentStepIdentifier":"dc36da3d-f936-468f-ad10-0583f604ca3b","ParentWorkflowIdentifier":"ea0f2ead-20ef-4b87-aabc-74f50e1cf111","Name":"MessageToAssignee","Value":null},{"ParentStepIdentifier":"dc36da3d-f936-468f-ad10-0583f604ca3b","ParentWorkflowIdentifier":"ea0f2ead-20ef-4b87-aabc-74f50e1cf111","Name":"NestedWorkflowIdentifier","Value":"149210c9-b701-44ed-96a1-7909e9620cc1"},{"ParentStepIdentifier":"dc36da3d-f936-468f-ad10-0583f604ca3b","ParentWorkflowIdentifier":"ea0f2ead-20ef-4b87-aabc-74f50e1cf111","Name":"NestedWorkflowInputs","Value":"[{\"FieldName\":\"Indicator\",\"Value\":\"[MAC Address Input.ReturnValue]\"}]"},{"ParentStepIdentifier":"dc36da3d-f936-468f-ad10-0583f604ca3b","ParentWorkflowIdentifier":"ea0f2ead-20ef-4b87-aabc-74f50e1cf111","Name":"PendingActionTimeout","Value":null}],"AutoSkipOnFailure":false,"IsDebugMockData":false,"StepDebugData":null,"ParentStepContainerId":null,"IsTouchedByAi":false,"StartLoopStepIdentifier":null,"ParallelActions":[]}],"Triggers":[{"Identifier":"75465c87-e0f2-48b5-a7ae-74afd223c1ab","IsEnabled":true,"DefinitionIdentifier":"ea0f2ead-20ef-4b87-aabc-74f50e1cf111","Type":10,"WorkflowName":null,"LogicalOperator":0,"Conditions":[{"FieldName":"[Entity.Type]","MatchType":0,"Value":"MACADDRESS"}],"Environments":["Default Environment"]}],"OverviewTemplates":[{"Identifier":"f6d61523-6f85-4f02-8bd3-184febb5ec1d","Name":"MAC Lease Result","Creator":null,"PlaybookDefinitionIdentifier":"ea0f2ead-20ef-4b87-aabc-74f50e1cf111","Type":0,"AlertRuleType":null,"Roles":[],"Widgets":[{"Title":"MAC Lease Lookup","Description":"MAC Lease Lookup from Infoblox.","Identifier":"4458bae9-a204-4767-a34f-8b7bd55d554a","Order":2,"TemplateIdentifier":"f6d61523-6f85-4f02-8bd3-184febb5ec1d","Type":2,"DataDefinitionJson":"{\n  \"dataSource\": \"[MAC Lease Lookup Block_1.Infoblox - MAC Lease Lookup.JsonResult]\",\n  \"jsonSample\": null,\n  \"type\": 2,\n  \"widgetDefinitionScope\": 2\n}","GridColumns":1,"ActionWidgetTemplateIdentifier":null,"StepIdentifier":null,"StepIntegration":null,"BlockStepIdentifier":null,"BlockStepInstanceName":null,"PresentIfEmpty":false,"ConditionsGroup":{"Conditions":[],"LogicalOperator":0},"IntegrationName":""}]}],"Permissions":[],"Environments":["Default Environment"]}}