{"CategoryName":"Imported Playbooks","OverviewTemplatesDetails":[],"WidgetTemplates":[],"Definition":{"Identifier":"e7d7c2e7-4cf5-4218-a38e-e8cabfc951e2","IsEnable":true,"Version":0.0,"IsArchived":false,"IsAutomatic":false,"Name":"Unblock Indicators -  Infoblox","Category":5,"Description":"Unblock Indicators by adding them into the Default Allow List.","Priority":3,"Creator":"99de6441-a995-4190-82dd-f6a9f449cae5","VersionCreator":null,"VersionComment":null,"OriginalWorkflowIdentifier":"b972804f-b097-4b1e-8040-e8ba63113518","TemplateName":null,"PlaybookType":0,"IsDebugMode":false,"DebugBaseAlertIdentifier":null,"DebugAlertIdentifier":null,"SimulationClone":false,"DefaultAccessLevel":2,"CreationSource":1,"Steps":[{"Identifier":"9dd0d428-0baf-40d2-9b9b-96468bee60f9","OriginalStepIdentifier":"d227c1b2-914c-43e1-be6f-348c07b491e4","ParentWorkflowIdentifier":"e7d7c2e7-4cf5-4218-a38e-e8cabfc951e2","ParentStepIdentifiers":[],"ParentStepIdentifier":"","PreviousResultCondition":"{}","InstanceName":"Add Indicators to Unblock","IsAutomatic":false,"Name":"Indicator Input","IsSkippable":false,"Description":"Add Indicator Input","ActionProvider":"Flow","ActionName":"NestedAction","Type":5,"Integration":"Siemplify","Parameters":[{"ParentStepIdentifier":"9dd0d428-0baf-40d2-9b9b-96468bee60f9","ParentWorkflowIdentifier":"e7d7c2e7-4cf5-4218-a38e-e8cabfc951e2","Name":"AssignedUsers","Value":"[\"@Administrator\"]"},{"ParentStepIdentifier":"9dd0d428-0baf-40d2-9b9b-96468bee60f9","ParentWorkflowIdentifier":"e7d7c2e7-4cf5-4218-a38e-e8cabfc951e2","Name":"DynamicInjectionInstancePlaceholder","Value":null},{"ParentStepIdentifier":"9dd0d428-0baf-40d2-9b9b-96468bee60f9","ParentWorkflowIdentifier":"e7d7c2e7-4cf5-4218-a38e-e8cabfc951e2","Name":"FetchInstanceByName","Value":null},{"ParentStepIdentifier":"9dd0d428-0baf-40d2-9b9b-96468bee60f9","ParentWorkflowIdentifier":"e7d7c2e7-4cf5-4218-a38e-e8cabfc951e2","Name":"HasApprovalLink","Value":"false"},{"ParentStepIdentifier":"9dd0d428-0baf-40d2-9b9b-96468bee60f9","ParentWorkflowIdentifier":"e7d7c2e7-4cf5-4218-a38e-e8cabfc951e2","Name":"MessageToAssignee","Value":"Add comma-separated IPS/Domains to Unblock"},{"ParentStepIdentifier":"9dd0d428-0baf-40d2-9b9b-96468bee60f9","ParentWorkflowIdentifier":"e7d7c2e7-4cf5-4218-a38e-e8cabfc951e2","Name":"NestedWorkflowIdentifier","Value":"01acdee6-2031-47a5-8d43-4010c533aad4"},{"ParentStepIdentifier":"9dd0d428-0baf-40d2-9b9b-96468bee60f9","ParentWorkflowIdentifier":"e7d7c2e7-4cf5-4218-a38e-e8cabfc951e2","Name":"NestedWorkflowInputs","Value":"[{\"FieldName\":\"Indicator\",\"Value\":null}]"},{"ParentStepIdentifier":"9dd0d428-0baf-40d2-9b9b-96468bee60f9","ParentWorkflowIdentifier":"e7d7c2e7-4cf5-4218-a38e-e8cabfc951e2","Name":"PendingActionTimeout","Value":null},{"ParentStepIdentifier":"9dd0d428-0baf-40d2-9b9b-96468bee60f9","ParentWorkflowIdentifier":"e7d7c2e7-4cf5-4218-a38e-e8cabfc951e2","Name":"UseEntitiesLoopScope","Value":"true"}],"AutoSkipOnFailure":false,"IsDebugMockData":false,"StepDebugData":null,"ParentStepContainerId":null,"IsTouchedByAi":false,"StartLoopStepIdentifier":null,"ParallelActions":[]},{"Identifier":"d49b2343-67b9-4b8c-8037-440894507bb4","OriginalStepIdentifier":"1f7128ad-e36e-4a59-8e86-16160b036648","ParentWorkflowIdentifier":"e7d7c2e7-4cf5-4218-a38e-e8cabfc951e2","ParentStepIdentifiers":["9dd0d428-0baf-40d2-9b9b-96468bee60f9"],"ParentStepIdentifier":"9dd0d428-0baf-40d2-9b9b-96468bee60f9","PreviousResultCondition":"{}","InstanceName":"Unblock Indicator Block","IsAutomatic":true,"Name":"Unblock Indicator Block","IsSkippable":false,"Description":"Unblock a user-specified indicators by adding it to the Infoblox default allow list and removing it from the default block list.","ActionProvider":"Flow","ActionName":"NestedAction","Type":5,"Integration":"Siemplify","Parameters":[{"ParentStepIdentifier":"d49b2343-67b9-4b8c-8037-440894507bb4","ParentWorkflowIdentifier":"e7d7c2e7-4cf5-4218-a38e-e8cabfc951e2","Name":"AssignedUsers","Value":null},{"ParentStepIdentifier":"d49b2343-67b9-4b8c-8037-440894507bb4","ParentWorkflowIdentifier":"e7d7c2e7-4cf5-4218-a38e-e8cabfc951e2","Name":"DynamicInjectionInstancePlaceholder","Value":null},{"ParentStepIdentifier":"d49b2343-67b9-4b8c-8037-440894507bb4","ParentWorkflowIdentifier":"e7d7c2e7-4cf5-4218-a38e-e8cabfc951e2","Name":"FetchInstanceByName","Value":null},{"ParentStepIdentifier":"d49b2343-67b9-4b8c-8037-440894507bb4","ParentWorkflowIdentifier":"e7d7c2e7-4cf5-4218-a38e-e8cabfc951e2","Name":"HasApprovalLink","Value":null},{"ParentStepIdentifier":"d49b2343-67b9-4b8c-8037-440894507bb4","ParentWorkflowIdentifier":"e7d7c2e7-4cf5-4218-a38e-e8cabfc951e2","Name":"MessageToAssignee","Value":null},{"ParentStepIdentifier":"d49b2343-67b9-4b8c-8037-440894507bb4","ParentWorkflowIdentifier":"e7d7c2e7-4cf5-4218-a38e-e8cabfc951e2","Name":"NestedWorkflowIdentifier","Value":"9c9c5565-3c0c-4c2a-a54e-3cd2e645b717"},{"ParentStepIdentifier":"d49b2343-67b9-4b8c-8037-440894507bb4","ParentWorkflowIdentifier":"e7d7c2e7-4cf5-4218-a38e-e8cabfc951e2","Name":"NestedWorkflowInputs","Value":"[{\"FieldName\":\"Indicator\",\"Value\":\"[Add Indicators to Unblock.ReturnValue]\"}]"},{"ParentStepIdentifier":"d49b2343-67b9-4b8c-8037-440894507bb4","ParentWorkflowIdentifier":"e7d7c2e7-4cf5-4218-a38e-e8cabfc951e2","Name":"PendingActionTimeout","Value":null}],"AutoSkipOnFailure":false,"IsDebugMockData":false,"StepDebugData":null,"ParentStepContainerId":null,"IsTouchedByAi":false,"StartLoopStepIdentifier":null,"ParallelActions":[]}],"Triggers":[{"Identifier":"2d6cd662-d8c5-4bed-a9d1-9e5c138c66d7","IsEnabled":true,"DefinitionIdentifier":"e7d7c2e7-4cf5-4218-a38e-e8cabfc951e2","Type":10,"WorkflowName":null,"LogicalOperator":0,"Conditions":[{"FieldName":"[Entity.Type]","MatchType":0,"Value":"ADDRESS"}],"Environments":["*"]}],"OverviewTemplates":[],"Permissions":[],"Environments":["*"]}}