{"CategoryName":"InfobloxNIOS","OverviewTemplatesDetails":[],"WidgetTemplates":[],"Definition":{"Identifier":"cdaf93ab-dacd-4df4-8ddc-5eb5d4281e3a","IsEnable":true,"Version":0.0,"IsArchived":false,"IsAutomatic":true,"Name":"Unblock Indicator - Infoblox NIOS","Category":7,"Description":"Automate the removal of blocked domains and IP addresses from Infoblox Response Policy Zones (RPZ) by deleting existing blocking rules.","Priority":2,"Creator":"7a62d6cc-82a4-4160-b1b3-98f97c00797b","VersionCreator":null,"VersionComment":null,"OriginalWorkflowIdentifier":"fbb0db09-9d38-4f9e-8535-d9e2a50ad00b","TemplateName":null,"PlaybookType":0,"IsDebugMode":false,"DebugBaseAlertIdentifier":null,"DebugAlertIdentifier":null,"SimulationClone":false,"DefaultAccessLevel":2,"CreationSource":1,"Steps":[{"Identifier":"3a19ff59-b1a2-4be3-9dad-03496f6b13ac","OriginalStepIdentifier":"d4cee5e2-425b-44a1-a858-3f51e2f760ed","ParentWorkflowIdentifier":"cdaf93ab-dacd-4df4-8ddc-5eb5d4281e3a","ParentStepIdentifiers":["46b79f2f-6353-4abe-9cc5-3c8d90a9cb41"],"ParentStepIdentifier":"46b79f2f-6353-4abe-9cc5-3c8d90a9cb41","PreviousResultCondition":"{\n  \"46b79f2f-6353-4abe-9cc5-3c8d90a9cb41\": \"3\"\n}","InstanceName":"Already Unblocked Indicator","IsAutomatic":true,"Name":"Siemplify_Case Comment","IsSkippable":false,"Description":"Add a comment to the case the current alert has been grouped to","ActionProvider":"Scripts","ActionName":"Siemplify_Case Comment","Type":0,"Integration":"Siemplify","Parameters":[{"ParentStepIdentifier":"3a19ff59-b1a2-4be3-9dad-03496f6b13ac","ParentWorkflowIdentifier":"cdaf93ab-dacd-4df4-8ddc-5eb5d4281e3a","Name":"AssignedUsers","Value":null},{"ParentStepIdentifier":"3a19ff59-b1a2-4be3-9dad-03496f6b13ac","ParentWorkflowIdentifier":"cdaf93ab-dacd-4df4-8ddc-5eb5d4281e3a","Name":"DynamicInjectionInstancePlaceholder","Value":""},{"ParentStepIdentifier":"3a19ff59-b1a2-4be3-9dad-03496f6b13ac","ParentWorkflowIdentifier":"cdaf93ab-dacd-4df4-8ddc-5eb5d4281e3a","Name":"FallbackIntegrationInstance","Value":"da55c3fd-7183-4f56-b1a0-d105345059ec"},{"ParentStepIdentifier":"3a19ff59-b1a2-4be3-9dad-03496f6b13ac","ParentWorkflowIdentifier":"cdaf93ab-dacd-4df4-8ddc-5eb5d4281e3a","Name":"FetchInstanceByName","Value":"false"},{"ParentStepIdentifier":"3a19ff59-b1a2-4be3-9dad-03496f6b13ac","ParentWorkflowIdentifier":"cdaf93ab-dacd-4df4-8ddc-5eb5d4281e3a","Name":"HasApprovalLink","Value":null},{"ParentStepIdentifier":"3a19ff59-b1a2-4be3-9dad-03496f6b13ac","ParentWorkflowIdentifier":"cdaf93ab-dacd-4df4-8ddc-5eb5d4281e3a","Name":"IntegrationInstance","Value":"AutomaticEnvironment"},{"ParentStepIdentifier":"3a19ff59-b1a2-4be3-9dad-03496f6b13ac","ParentWorkflowIdentifier":"cdaf93ab-dacd-4df4-8ddc-5eb5d4281e3a","Name":"MessageToAssignee","Value":null},{"ParentStepIdentifier":"3a19ff59-b1a2-4be3-9dad-03496f6b13ac","ParentWorkflowIdentifier":"cdaf93ab-dacd-4df4-8ddc-5eb5d4281e3a","Name":"PendingActionTimeout","Value":null},{"ParentStepIdentifier":"3a19ff59-b1a2-4be3-9dad-03496f6b13ac","ParentWorkflowIdentifier":"cdaf93ab-dacd-4df4-8ddc-5eb5d4281e3a","Name":"RetryConfiguration","Value":"{\"Enabled\":false,\"IntervalInSeconds\":30,\"NumberOfRetries\":1}"},{"ParentStepIdentifier":"3a19ff59-b1a2-4be3-9dad-03496f6b13ac","ParentWorkflowIdentifier":"cdaf93ab-dacd-4df4-8ddc-5eb5d4281e3a","Name":"ScriptName","Value":"Siemplify_Case Comment"},{"ParentStepIdentifier":"3a19ff59-b1a2-4be3-9dad-03496f6b13ac","ParentWorkflowIdentifier":"cdaf93ab-dacd-4df4-8ddc-5eb5d4281e3a","Name":"ScriptParametersEntityFields","Value":"{\"Comment\":\"Indicator [Indicator Input Block-Unblock_1.Create JSON.JsonResult | \\\"root.indicator\\\"] is already unblocked.\"}"},{"ParentStepIdentifier":"3a19ff59-b1a2-4be3-9dad-03496f6b13ac","ParentWorkflowIdentifier":"cdaf93ab-dacd-4df4-8ddc-5eb5d4281e3a","Name":"SelectedScopeName","Value":"All entities"},{"ParentStepIdentifier":"3a19ff59-b1a2-4be3-9dad-03496f6b13ac","ParentWorkflowIdentifier":"cdaf93ab-dacd-4df4-8ddc-5eb5d4281e3a","Name":"UseEntitiesLoopScope","Value":null}],"AutoSkipOnFailure":false,"IsDebugMockData":false,"StepDebugData":null,"ParentStepContainerId":null,"IsTouchedByAi":false,"StartLoopStepIdentifier":null,"ParallelActions":[]},{"Identifier":"46b79f2f-6353-4abe-9cc5-3c8d90a9cb41","OriginalStepIdentifier":"dbfbf272-53f6-453a-87c8-f573ae2231fa","ParentWorkflowIdentifier":"cdaf93ab-dacd-4df4-8ddc-5eb5d4281e3a","ParentStepIdentifiers":["d7607d00-25d2-47ef-87ad-4280f4986133"],"ParentStepIdentifier":"d7607d00-25d2-47ef-87ad-4280f4986133","PreviousResultCondition":"{}","InstanceName":"Check RPZ Rule Exists","IsAutomatic":true,"Name":"Previous Actions Conditions","IsSkippable":false,"Description":"Check if RPZ Rule Exists","ActionProvider":"Flow","ActionName":"IfElse","Type":2,"Integration":"Flow","Parameters":[{"ParentStepIdentifier":"46b79f2f-6353-4abe-9cc5-3c8d90a9cb41","ParentWorkflowIdentifier":"cdaf93ab-dacd-4df4-8ddc-5eb5d4281e3a","Name":"AssignedUsers","Value":null},{"ParentStepIdentifier":"46b79f2f-6353-4abe-9cc5-3c8d90a9cb41","ParentWorkflowIdentifier":"cdaf93ab-dacd-4df4-8ddc-5eb5d4281e3a","Name":"Branches","Value":"[{\"LogicalOperator\":0,\"Conditions\":[{\"Operator\":5,\"FieldName\":\"Validate and Search Indicator.Search RPZ Rule IPAddress.JsonResult\",\"Type\":2,\"Value\":\"[]\"}],\"Order\":1,\"IsDefaultBranch\":false,\"Name\":\"Branch\"},{\"LogicalOperator\":0,\"Conditions\":[],\"Order\":3,\"IsDefaultBranch\":true,\"Name\":\"Branch\"},{\"LogicalOperator\":0,\"Conditions\":[{\"Operator\":5,\"FieldName\":\"Validate and Search Indicator.Search RPZ Rule Domain.JsonResult\",\"Type\":2,\"Value\":\"[]\"}],\"Order\":2,\"IsDefaultBranch\":false,\"Name\":\"Branch\"}]"},{"ParentStepIdentifier":"46b79f2f-6353-4abe-9cc5-3c8d90a9cb41","ParentWorkflowIdentifier":"cdaf93ab-dacd-4df4-8ddc-5eb5d4281e3a","Name":"ErrorFallbackBranch","Value":null},{"ParentStepIdentifier":"46b79f2f-6353-4abe-9cc5-3c8d90a9cb41","ParentWorkflowIdentifier":"cdaf93ab-dacd-4df4-8ddc-5eb5d4281e3a","Name":"HasApprovalLink","Value":null},{"ParentStepIdentifier":"46b79f2f-6353-4abe-9cc5-3c8d90a9cb41","ParentWorkflowIdentifier":"cdaf93ab-dacd-4df4-8ddc-5eb5d4281e3a","Name":"MessageToAssignee","Value":null},{"ParentStepIdentifier":"46b79f2f-6353-4abe-9cc5-3c8d90a9cb41","ParentWorkflowIdentifier":"cdaf93ab-dacd-4df4-8ddc-5eb5d4281e3a","Name":"PendingActionTimeout","Value":null},{"ParentStepIdentifier":"46b79f2f-6353-4abe-9cc5-3c8d90a9cb41","ParentWorkflowIdentifier":"cdaf93ab-dacd-4df4-8ddc-5eb5d4281e3a","Name":"SelectedScopeName","Value":"All entities"},{"ParentStepIdentifier":"46b79f2f-6353-4abe-9cc5-3c8d90a9cb41","ParentWorkflowIdentifier":"cdaf93ab-dacd-4df4-8ddc-5eb5d4281e3a","Name":"UseEntitiesLoopScope","Value":"true"}],"AutoSkipOnFailure":false,"IsDebugMockData":false,"StepDebugData":null,"ParentStepContainerId":null,"IsTouchedByAi":false,"StartLoopStepIdentifier":null,"ParallelActions":[]},{"Identifier":"6d9f7024-9dc8-43d0-ab46-7dfef34fdde7","OriginalStepIdentifier":"0f70fa9a-acc9-4ca3-a35f-f92b824cceaa","ParentWorkflowIdentifier":"cdaf93ab-dacd-4df4-8ddc-5eb5d4281e3a","ParentStepIdentifiers":["cb826df2-2f84-4cec-b084-da5cb9a0fe22"],"ParentStepIdentifier":"cb826df2-2f84-4cec-b084-da5cb9a0fe22","PreviousResultCondition":"{}","InstanceName":"Unblocked Domain","IsAutomatic":true,"Name":"Siemplify_Case Comment","IsSkippable":false,"Description":"Add a comment to the case the current alert has been grouped to","ActionProvider":"Scripts","ActionName":"Siemplify_Case Comment","Type":0,"Integration":"Siemplify","Parameters":[{"ParentStepIdentifier":"6d9f7024-9dc8-43d0-ab46-7dfef34fdde7","ParentWorkflowIdentifier":"cdaf93ab-dacd-4df4-8ddc-5eb5d4281e3a","Name":"AssignedUsers","Value":null},{"ParentStepIdentifier":"6d9f7024-9dc8-43d0-ab46-7dfef34fdde7","ParentWorkflowIdentifier":"cdaf93ab-dacd-4df4-8ddc-5eb5d4281e3a","Name":"DynamicInjectionInstancePlaceholder","Value":""},{"ParentStepIdentifier":"6d9f7024-9dc8-43d0-ab46-7dfef34fdde7","ParentWorkflowIdentifier":"cdaf93ab-dacd-4df4-8ddc-5eb5d4281e3a","Name":"FallbackIntegrationInstance","Value":"da55c3fd-7183-4f56-b1a0-d105345059ec"},{"ParentStepIdentifier":"6d9f7024-9dc8-43d0-ab46-7dfef34fdde7","ParentWorkflowIdentifier":"cdaf93ab-dacd-4df4-8ddc-5eb5d4281e3a","Name":"FetchInstanceByName","Value":"false"},{"ParentStepIdentifier":"6d9f7024-9dc8-43d0-ab46-7dfef34fdde7","ParentWorkflowIdentifier":"cdaf93ab-dacd-4df4-8ddc-5eb5d4281e3a","Name":"HasApprovalLink","Value":null},{"ParentStepIdentifier":"6d9f7024-9dc8-43d0-ab46-7dfef34fdde7","ParentWorkflowIdentifier":"cdaf93ab-dacd-4df4-8ddc-5eb5d4281e3a","Name":"IntegrationInstance","Value":"AutomaticEnvironment"},{"ParentStepIdentifier":"6d9f7024-9dc8-43d0-ab46-7dfef34fdde7","ParentWorkflowIdentifier":"cdaf93ab-dacd-4df4-8ddc-5eb5d4281e3a","Name":"MessageToAssignee","Value":null},{"ParentStepIdentifier":"6d9f7024-9dc8-43d0-ab46-7dfef34fdde7","ParentWorkflowIdentifier":"cdaf93ab-dacd-4df4-8ddc-5eb5d4281e3a","Name":"PendingActionTimeout","Value":null},{"ParentStepIdentifier":"6d9f7024-9dc8-43d0-ab46-7dfef34fdde7","ParentWorkflowIdentifier":"cdaf93ab-dacd-4df4-8ddc-5eb5d4281e3a","Name":"RetryConfiguration","Value":"{\"Enabled\":false,\"IntervalInSeconds\":30,\"NumberOfRetries\":1}"},{"ParentStepIdentifier":"6d9f7024-9dc8-43d0-ab46-7dfef34fdde7","ParentWorkflowIdentifier":"cdaf93ab-dacd-4df4-8ddc-5eb5d4281e3a","Name":"ScriptName","Value":"Siemplify_Case Comment"},{"ParentStepIdentifier":"6d9f7024-9dc8-43d0-ab46-7dfef34fdde7","ParentWorkflowIdentifier":"cdaf93ab-dacd-4df4-8ddc-5eb5d4281e3a","Name":"ScriptParametersEntityFields","Value":"{\"Comment\":\"Successfully unblocked Indicator [Indicator Input Block-Unblock_1.Create JSON.JsonResult | \\\"root.indicator\\\"]\"}"},{"ParentStepIdentifier":"6d9f7024-9dc8-43d0-ab46-7dfef34fdde7","ParentWorkflowIdentifier":"cdaf93ab-dacd-4df4-8ddc-5eb5d4281e3a","Name":"SelectedScopeName","Value":"All entities"},{"ParentStepIdentifier":"6d9f7024-9dc8-43d0-ab46-7dfef34fdde7","ParentWorkflowIdentifier":"cdaf93ab-dacd-4df4-8ddc-5eb5d4281e3a","Name":"UseEntitiesLoopScope","Value":null}],"AutoSkipOnFailure":false,"IsDebugMockData":false,"StepDebugData":null,"ParentStepContainerId":null,"IsTouchedByAi":false,"StartLoopStepIdentifier":null,"ParallelActions":[]},{"Identifier":"8856c10d-c00a-4bb7-8b45-827dcb838eb8","OriginalStepIdentifier":"d7e1f4d6-fe8d-43de-903d-6cdfe5305047","ParentWorkflowIdentifier":"cdaf93ab-dacd-4df4-8ddc-5eb5d4281e3a","ParentStepIdentifiers":["c1567693-0447-42a1-8150-5e5562dc9a7f"],"ParentStepIdentifier":"c1567693-0447-42a1-8150-5e5562dc9a7f","PreviousResultCondition":"{}","InstanceName":"Unblocked IP Address","IsAutomatic":true,"Name":"Siemplify_Case Comment","IsSkippable":false,"Description":"Add a comment to the case the current alert has been grouped to","ActionProvider":"Scripts","ActionName":"Siemplify_Case Comment","Type":0,"Integration":"Siemplify","Parameters":[{"ParentStepIdentifier":"8856c10d-c00a-4bb7-8b45-827dcb838eb8","ParentWorkflowIdentifier":"cdaf93ab-dacd-4df4-8ddc-5eb5d4281e3a","Name":"AssignedUsers","Value":null},{"ParentStepIdentifier":"8856c10d-c00a-4bb7-8b45-827dcb838eb8","ParentWorkflowIdentifier":"cdaf93ab-dacd-4df4-8ddc-5eb5d4281e3a","Name":"DynamicInjectionInstancePlaceholder","Value":""},{"ParentStepIdentifier":"8856c10d-c00a-4bb7-8b45-827dcb838eb8","ParentWorkflowIdentifier":"cdaf93ab-dacd-4df4-8ddc-5eb5d4281e3a","Name":"FallbackIntegrationInstance","Value":"da55c3fd-7183-4f56-b1a0-d105345059ec"},{"ParentStepIdentifier":"8856c10d-c00a-4bb7-8b45-827dcb838eb8","ParentWorkflowIdentifier":"cdaf93ab-dacd-4df4-8ddc-5eb5d4281e3a","Name":"FetchInstanceByName","Value":"false"},{"ParentStepIdentifier":"8856c10d-c00a-4bb7-8b45-827dcb838eb8","ParentWorkflowIdentifier":"cdaf93ab-dacd-4df4-8ddc-5eb5d4281e3a","Name":"HasApprovalLink","Value":null},{"ParentStepIdentifier":"8856c10d-c00a-4bb7-8b45-827dcb838eb8","ParentWorkflowIdentifier":"cdaf93ab-dacd-4df4-8ddc-5eb5d4281e3a","Name":"IntegrationInstance","Value":"AutomaticEnvironment"},{"ParentStepIdentifier":"8856c10d-c00a-4bb7-8b45-827dcb838eb8","ParentWorkflowIdentifier":"cdaf93ab-dacd-4df4-8ddc-5eb5d4281e3a","Name":"MessageToAssignee","Value":null},{"ParentStepIdentifier":"8856c10d-c00a-4bb7-8b45-827dcb838eb8","ParentWorkflowIdentifier":"cdaf93ab-dacd-4df4-8ddc-5eb5d4281e3a","Name":"PendingActionTimeout","Value":null},{"ParentStepIdentifier":"8856c10d-c00a-4bb7-8b45-827dcb838eb8","ParentWorkflowIdentifier":"cdaf93ab-dacd-4df4-8ddc-5eb5d4281e3a","Name":"RetryConfiguration","Value":"{\"Enabled\":false,\"IntervalInSeconds\":30,\"NumberOfRetries\":1}"},{"ParentStepIdentifier":"8856c10d-c00a-4bb7-8b45-827dcb838eb8","ParentWorkflowIdentifier":"cdaf93ab-dacd-4df4-8ddc-5eb5d4281e3a","Name":"ScriptName","Value":"Siemplify_Case Comment"},{"ParentStepIdentifier":"8856c10d-c00a-4bb7-8b45-827dcb838eb8","ParentWorkflowIdentifier":"cdaf93ab-dacd-4df4-8ddc-5eb5d4281e3a","Name":"ScriptParametersEntityFields","Value":"{\"Comment\":\"Successfully unblocked Indicator [Indicator Input Block-Unblock_1.Create JSON.JsonResult | \\\"root.indicator\\\"]\"}"},{"ParentStepIdentifier":"8856c10d-c00a-4bb7-8b45-827dcb838eb8","ParentWorkflowIdentifier":"cdaf93ab-dacd-4df4-8ddc-5eb5d4281e3a","Name":"SelectedScopeName","Value":"All entities"},{"ParentStepIdentifier":"8856c10d-c00a-4bb7-8b45-827dcb838eb8","ParentWorkflowIdentifier":"cdaf93ab-dacd-4df4-8ddc-5eb5d4281e3a","Name":"UseEntitiesLoopScope","Value":null}],"AutoSkipOnFailure":false,"IsDebugMockData":false,"StepDebugData":null,"ParentStepContainerId":null,"IsTouchedByAi":false,"StartLoopStepIdentifier":null,"ParallelActions":[]},{"Identifier":"c1567693-0447-42a1-8150-5e5562dc9a7f","OriginalStepIdentifier":"7b2bc29e-34c2-4db6-a38b-52bc1cd01178","ParentWorkflowIdentifier":"cdaf93ab-dacd-4df4-8ddc-5eb5d4281e3a","ParentStepIdentifiers":["46b79f2f-6353-4abe-9cc5-3c8d90a9cb41"],"ParentStepIdentifier":"46b79f2f-6353-4abe-9cc5-3c8d90a9cb41","PreviousResultCondition":"{\n  \"46b79f2f-6353-4abe-9cc5-3c8d90a9cb41\": \"1\"\n}","InstanceName":"Delete RPZ Rule IP Address","IsAutomatic":true,"Name":"InfobloxNIOS_Delete RPZ Rule","IsSkippable":false,"Description":"Deletes a rule from a specified RPZ. Supports all RPZ record types by dynamically determining the object type from user input.","ActionProvider":"Scripts","ActionName":"InfobloxNIOS_Delete RPZ Rule","Type":0,"Integration":"InfobloxNIOS","Parameters":[{"ParentStepIdentifier":"c1567693-0447-42a1-8150-5e5562dc9a7f","ParentWorkflowIdentifier":"cdaf93ab-dacd-4df4-8ddc-5eb5d4281e3a","Name":"AssignedUsers","Value":null},{"ParentStepIdentifier":"c1567693-0447-42a1-8150-5e5562dc9a7f","ParentWorkflowIdentifier":"cdaf93ab-dacd-4df4-8ddc-5eb5d4281e3a","Name":"DynamicInjectionInstancePlaceholder","Value":""},{"ParentStepIdentifier":"c1567693-0447-42a1-8150-5e5562dc9a7f","ParentWorkflowIdentifier":"cdaf93ab-dacd-4df4-8ddc-5eb5d4281e3a","Name":"FallbackIntegrationInstance","Value":"4000ecbe-cf93-4199-9a40-088367070539"},{"ParentStepIdentifier":"c1567693-0447-42a1-8150-5e5562dc9a7f","ParentWorkflowIdentifier":"cdaf93ab-dacd-4df4-8ddc-5eb5d4281e3a","Name":"FetchInstanceByName","Value":"false"},{"ParentStepIdentifier":"c1567693-0447-42a1-8150-5e5562dc9a7f","ParentWorkflowIdentifier":"cdaf93ab-dacd-4df4-8ddc-5eb5d4281e3a","Name":"HasApprovalLink","Value":null},{"ParentStepIdentifier":"c1567693-0447-42a1-8150-5e5562dc9a7f","ParentWorkflowIdentifier":"cdaf93ab-dacd-4df4-8ddc-5eb5d4281e3a","Name":"IntegrationInstance","Value":"AutomaticEnvironment"},{"ParentStepIdentifier":"c1567693-0447-42a1-8150-5e5562dc9a7f","ParentWorkflowIdentifier":"cdaf93ab-dacd-4df4-8ddc-5eb5d4281e3a","Name":"MessageToAssignee","Value":null},{"ParentStepIdentifier":"c1567693-0447-42a1-8150-5e5562dc9a7f","ParentWorkflowIdentifier":"cdaf93ab-dacd-4df4-8ddc-5eb5d4281e3a","Name":"PendingActionTimeout","Value":null},{"ParentStepIdentifier":"c1567693-0447-42a1-8150-5e5562dc9a7f","ParentWorkflowIdentifier":"cdaf93ab-dacd-4df4-8ddc-5eb5d4281e3a","Name":"RetryConfiguration","Value":"{\"Enabled\":false,\"IntervalInSeconds\":30,\"NumberOfRetries\":1}"},{"ParentStepIdentifier":"c1567693-0447-42a1-8150-5e5562dc9a7f","ParentWorkflowIdentifier":"cdaf93ab-dacd-4df4-8ddc-5eb5d4281e3a","Name":"ScriptName","Value":"InfobloxNIOS_Delete RPZ Rule"},{"ParentStepIdentifier":"c1567693-0447-42a1-8150-5e5562dc9a7f","ParentWorkflowIdentifier":"cdaf93ab-dacd-4df4-8ddc-5eb5d4281e3a","Name":"ScriptParametersEntityFields","Value":"{\"Reference ID\":\"[Validate and Search Indicator.Search RPZ Rule IPAddress.JsonResult| \\\"_ref\\\"]\"}"},{"ParentStepIdentifier":"c1567693-0447-42a1-8150-5e5562dc9a7f","ParentWorkflowIdentifier":"cdaf93ab-dacd-4df4-8ddc-5eb5d4281e3a","Name":"SelectedScopeName","Value":"All entities"},{"ParentStepIdentifier":"c1567693-0447-42a1-8150-5e5562dc9a7f","ParentWorkflowIdentifier":"cdaf93ab-dacd-4df4-8ddc-5eb5d4281e3a","Name":"UseEntitiesLoopScope","Value":null}],"AutoSkipOnFailure":false,"IsDebugMockData":false,"StepDebugData":null,"ParentStepContainerId":null,"IsTouchedByAi":false,"StartLoopStepIdentifier":null,"ParallelActions":[]},{"Identifier":"cb826df2-2f84-4cec-b084-da5cb9a0fe22","OriginalStepIdentifier":"a67eafbf-849f-40c2-85ae-7e3877084bfe","ParentWorkflowIdentifier":"cdaf93ab-dacd-4df4-8ddc-5eb5d4281e3a","ParentStepIdentifiers":["46b79f2f-6353-4abe-9cc5-3c8d90a9cb41"],"ParentStepIdentifier":"46b79f2f-6353-4abe-9cc5-3c8d90a9cb41","PreviousResultCondition":"{\n  \"46b79f2f-6353-4abe-9cc5-3c8d90a9cb41\": \"2\"\n}","InstanceName":"Delete RPZ Rule Domain","IsAutomatic":true,"Name":"InfobloxNIOS_Delete RPZ Rule","IsSkippable":false,"Description":"Deletes a rule from a specified RPZ. Supports all RPZ record types by dynamically determining the object type from user input.","ActionProvider":"Scripts","ActionName":"InfobloxNIOS_Delete RPZ Rule","Type":0,"Integration":"InfobloxNIOS","Parameters":[{"ParentStepIdentifier":"cb826df2-2f84-4cec-b084-da5cb9a0fe22","ParentWorkflowIdentifier":"cdaf93ab-dacd-4df4-8ddc-5eb5d4281e3a","Name":"AssignedUsers","Value":null},{"ParentStepIdentifier":"cb826df2-2f84-4cec-b084-da5cb9a0fe22","ParentWorkflowIdentifier":"cdaf93ab-dacd-4df4-8ddc-5eb5d4281e3a","Name":"DynamicInjectionInstancePlaceholder","Value":""},{"ParentStepIdentifier":"cb826df2-2f84-4cec-b084-da5cb9a0fe22","ParentWorkflowIdentifier":"cdaf93ab-dacd-4df4-8ddc-5eb5d4281e3a","Name":"FallbackIntegrationInstance","Value":"4000ecbe-cf93-4199-9a40-088367070539"},{"ParentStepIdentifier":"cb826df2-2f84-4cec-b084-da5cb9a0fe22","ParentWorkflowIdentifier":"cdaf93ab-dacd-4df4-8ddc-5eb5d4281e3a","Name":"FetchInstanceByName","Value":"false"},{"ParentStepIdentifier":"cb826df2-2f84-4cec-b084-da5cb9a0fe22","ParentWorkflowIdentifier":"cdaf93ab-dacd-4df4-8ddc-5eb5d4281e3a","Name":"HasApprovalLink","Value":null},{"ParentStepIdentifier":"cb826df2-2f84-4cec-b084-da5cb9a0fe22","ParentWorkflowIdentifier":"cdaf93ab-dacd-4df4-8ddc-5eb5d4281e3a","Name":"IntegrationInstance","Value":"AutomaticEnvironment"},{"ParentStepIdentifier":"cb826df2-2f84-4cec-b084-da5cb9a0fe22","ParentWorkflowIdentifier":"cdaf93ab-dacd-4df4-8ddc-5eb5d4281e3a","Name":"MessageToAssignee","Value":null},{"ParentStepIdentifier":"cb826df2-2f84-4cec-b084-da5cb9a0fe22","ParentWorkflowIdentifier":"cdaf93ab-dacd-4df4-8ddc-5eb5d4281e3a","Name":"PendingActionTimeout","Value":null},{"ParentStepIdentifier":"cb826df2-2f84-4cec-b084-da5cb9a0fe22","ParentWorkflowIdentifier":"cdaf93ab-dacd-4df4-8ddc-5eb5d4281e3a","Name":"RetryConfiguration","Value":"{\"Enabled\":false,\"IntervalInSeconds\":30,\"NumberOfRetries\":1}"},{"ParentStepIdentifier":"cb826df2-2f84-4cec-b084-da5cb9a0fe22","ParentWorkflowIdentifier":"cdaf93ab-dacd-4df4-8ddc-5eb5d4281e3a","Name":"ScriptName","Value":"InfobloxNIOS_Delete RPZ Rule"},{"ParentStepIdentifier":"cb826df2-2f84-4cec-b084-da5cb9a0fe22","ParentWorkflowIdentifier":"cdaf93ab-dacd-4df4-8ddc-5eb5d4281e3a","Name":"ScriptParametersEntityFields","Value":"{\"Reference ID\":\"[Validate and Search Indicator.Search RPZ Rule Domain.JsonResult| \\\"_ref\\\"]\"}"},{"ParentStepIdentifier":"cb826df2-2f84-4cec-b084-da5cb9a0fe22","ParentWorkflowIdentifier":"cdaf93ab-dacd-4df4-8ddc-5eb5d4281e3a","Name":"SelectedScopeName","Value":"All entities"},{"ParentStepIdentifier":"cb826df2-2f84-4cec-b084-da5cb9a0fe22","ParentWorkflowIdentifier":"cdaf93ab-dacd-4df4-8ddc-5eb5d4281e3a","Name":"UseEntitiesLoopScope","Value":null}],"AutoSkipOnFailure":false,"IsDebugMockData":false,"StepDebugData":null,"ParentStepContainerId":null,"IsTouchedByAi":false,"StartLoopStepIdentifier":null,"ParallelActions":[]},{"Identifier":"cec2b71e-8508-451e-8699-dd889a975ea6","OriginalStepIdentifier":"c41bdd91-fb34-49bc-a8f3-767ca0f833b6","ParentWorkflowIdentifier":"cdaf93ab-dacd-4df4-8ddc-5eb5d4281e3a","ParentStepIdentifiers":[],"ParentStepIdentifier":"","PreviousResultCondition":null,"InstanceName":"Indicator Input Block-Unblock_1","IsAutomatic":false,"Name":"Indicator Input Block-Unblock","IsSkippable":false,"Description":"Add Indicator and RP Zone.","ActionProvider":"Flow","ActionName":"NestedAction","Type":5,"Integration":"Siemplify","Parameters":[{"ParentStepIdentifier":"cec2b71e-8508-451e-8699-dd889a975ea6","ParentWorkflowIdentifier":"cdaf93ab-dacd-4df4-8ddc-5eb5d4281e3a","Name":"AssignedUsers","Value":"[\"@Administrator\"]"},{"ParentStepIdentifier":"cec2b71e-8508-451e-8699-dd889a975ea6","ParentWorkflowIdentifier":"cdaf93ab-dacd-4df4-8ddc-5eb5d4281e3a","Name":"HasApprovalLink","Value":null},{"ParentStepIdentifier":"cec2b71e-8508-451e-8699-dd889a975ea6","ParentWorkflowIdentifier":"cdaf93ab-dacd-4df4-8ddc-5eb5d4281e3a","Name":"MessageToAssignee","Value":"Add Indicator and RP Zone to unblock."},{"ParentStepIdentifier":"cec2b71e-8508-451e-8699-dd889a975ea6","ParentWorkflowIdentifier":"cdaf93ab-dacd-4df4-8ddc-5eb5d4281e3a","Name":"NestedWorkflowIdentifier","Value":"91639f13-227a-4871-a73a-7ca392ff29cd"},{"ParentStepIdentifier":"cec2b71e-8508-451e-8699-dd889a975ea6","ParentWorkflowIdentifier":"cdaf93ab-dacd-4df4-8ddc-5eb5d4281e3a","Name":"NestedWorkflowInputs","Value":"[{\"FieldName\":\"Indicator\",\"Value\":\"14.2.24.25\"},{\"FieldName\":\"RP Zone\",\"Value\":\"threat.rpz.com\"}]"},{"ParentStepIdentifier":"cec2b71e-8508-451e-8699-dd889a975ea6","ParentWorkflowIdentifier":"cdaf93ab-dacd-4df4-8ddc-5eb5d4281e3a","Name":"PendingActionTimeout","Value":null},{"ParentStepIdentifier":"cec2b71e-8508-451e-8699-dd889a975ea6","ParentWorkflowIdentifier":"cdaf93ab-dacd-4df4-8ddc-5eb5d4281e3a","Name":"UseEntitiesLoopScope","Value":"true"}],"AutoSkipOnFailure":false,"IsDebugMockData":false,"StepDebugData":null,"ParentStepContainerId":null,"IsTouchedByAi":false,"StartLoopStepIdentifier":null,"ParallelActions":[]},{"Identifier":"d7607d00-25d2-47ef-87ad-4280f4986133","OriginalStepIdentifier":"80744b95-e80f-4dc6-9702-ddb57e9b4bd8","ParentWorkflowIdentifier":"cdaf93ab-dacd-4df4-8ddc-5eb5d4281e3a","ParentStepIdentifiers":["cec2b71e-8508-451e-8699-dd889a975ea6"],"ParentStepIdentifier":"cec2b71e-8508-451e-8699-dd889a975ea6","PreviousResultCondition":"{}","InstanceName":"Validate and Search Indicator","IsAutomatic":true,"Name":"Validate and Search Indicator","IsSkippable":false,"Description":"Validate Indicator and search RPZ Rule exists or not.","ActionProvider":"Flow","ActionName":"NestedAction","Type":5,"Integration":"Siemplify","Parameters":[{"ParentStepIdentifier":"d7607d00-25d2-47ef-87ad-4280f4986133","ParentWorkflowIdentifier":"cdaf93ab-dacd-4df4-8ddc-5eb5d4281e3a","Name":"AssignedUsers","Value":null},{"ParentStepIdentifier":"d7607d00-25d2-47ef-87ad-4280f4986133","ParentWorkflowIdentifier":"cdaf93ab-dacd-4df4-8ddc-5eb5d4281e3a","Name":"HasApprovalLink","Value":null},{"ParentStepIdentifier":"d7607d00-25d2-47ef-87ad-4280f4986133","ParentWorkflowIdentifier":"cdaf93ab-dacd-4df4-8ddc-5eb5d4281e3a","Name":"MessageToAssignee","Value":null},{"ParentStepIdentifier":"d7607d00-25d2-47ef-87ad-4280f4986133","ParentWorkflowIdentifier":"cdaf93ab-dacd-4df4-8ddc-5eb5d4281e3a","Name":"NestedWorkflowIdentifier","Value":"5ef00cc3-b05d-4173-b368-2cd068715059"},{"ParentStepIdentifier":"d7607d00-25d2-47ef-87ad-4280f4986133","ParentWorkflowIdentifier":"cdaf93ab-dacd-4df4-8ddc-5eb5d4281e3a","Name":"NestedWorkflowInputs","Value":"[{\"FieldName\":\"Indicator\",\"Value\":\"[Indicator Input Block-Unblock_1.Create JSON.JsonResult | \\\"root.indicator\\\"]\\n\"},{\"FieldName\":\"RP Zone\",\"Value\":\"[Indicator Input Block-Unblock_1.Create JSON.JsonResult | \\\"root.rpzone\\\"]\"}]"},{"ParentStepIdentifier":"d7607d00-25d2-47ef-87ad-4280f4986133","ParentWorkflowIdentifier":"cdaf93ab-dacd-4df4-8ddc-5eb5d4281e3a","Name":"PendingActionTimeout","Value":null},{"ParentStepIdentifier":"d7607d00-25d2-47ef-87ad-4280f4986133","ParentWorkflowIdentifier":"cdaf93ab-dacd-4df4-8ddc-5eb5d4281e3a","Name":"UseEntitiesLoopScope","Value":"true"}],"AutoSkipOnFailure":false,"IsDebugMockData":false,"StepDebugData":null,"ParentStepContainerId":null,"IsTouchedByAi":false,"StartLoopStepIdentifier":null,"ParallelActions":[]}],"Triggers":[{"Identifier":"18344f5d-89dd-45e2-b651-149f1f6f4e34","IsEnabled":true,"DefinitionIdentifier":"cdaf93ab-dacd-4df4-8ddc-5eb5d4281e3a","Type":8,"WorkflowName":null,"LogicalOperator":0,"Conditions":[{"FieldName":"","MatchType":0,"Value":""}],"Environments":["*"]}],"OverviewTemplates":[],"Permissions":[],"Environments":["*"]}}