{"CategoryName":"InfobloxNIOS","OverviewTemplatesDetails":[],"WidgetTemplates":[],"Definition":{"Identifier":"82ba896d-4158-436d-a213-127886c4a09a","IsEnable":true,"Version":0.0,"IsArchived":false,"IsAutomatic":true,"Name":"Indicator Input","Category":7,"Description":"Add Indicator Input","Priority":2,"Creator":"7e00107d-47b3-4b36-b9ea-8473eb831c6a","VersionCreator":null,"VersionComment":null,"OriginalWorkflowIdentifier":"82ba896d-4158-436d-a213-127886c4a09a","TemplateName":null,"PlaybookType":1,"IsDebugMode":false,"DebugBaseAlertIdentifier":null,"DebugAlertIdentifier":null,"SimulationClone":false,"DefaultAccessLevel":2,"CreationSource":1,"Steps":[{"Identifier":"fd7e684b-45d8-499c-97de-0e1f0b72f6e9","OriginalStepIdentifier":"fd7e684b-45d8-499c-97de-0e1f0b72f6e9","ParentWorkflowIdentifier":"82ba896d-4158-436d-a213-127886c4a09a","ParentStepIdentifiers":[],"ParentStepIdentifier":"","PreviousResultCondition":null,"InstanceName":"Output_1","IsAutomatic":true,"Name":"Output","IsSkippable":false,"Description":"","ActionProvider":"Flow","ActionName":"OutputAction","Type":6,"Integration":"Flow","Parameters":[{"ParentStepIdentifier":"fd7e684b-45d8-499c-97de-0e1f0b72f6e9","ParentWorkflowIdentifier":"82ba896d-4158-436d-a213-127886c4a09a","Name":"NestedWorkflowOutput","Value":"[Input.Indicator]"}],"AutoSkipOnFailure":false,"IsDebugMockData":false,"StepDebugData":{"CreationTimeUnixTimeInMs":0,"ModificationTimeUnixTimeInMs":0,"OriginalWorkflowIdentifier":"82ba896d-4158-436d-a213-127886c4a09a","OriginalStepIdentifier":"fd7e684b-45d8-499c-97de-0e1f0b72f6e9","ResultValue":"","ResultJson":"","ScopeEntitiesEnrichmentData":[],"ScopeEntitiesEnrichmentDataJson":"[]"},"ParentStepContainerId":null,"IsTouchedByAi":false,"StartLoopStepIdentifier":null,"ParallelActions":[]}],"Triggers":[{"Identifier":"493c1ece-38fe-4497-a0d9-b077fcbe2c49","IsEnabled":true,"DefinitionIdentifier":"82ba896d-4158-436d-a213-127886c4a09a","Type":11,"WorkflowName":null,"LogicalOperator":0,"Conditions":[{"FieldName":"Indicator","MatchType":0,"Value":null}],"Environments":["*"]}],"OverviewTemplates":[],"Permissions":[],"Environments":["*"]}}