{"CategoryName":"InfobloxNIOS","OverviewTemplatesDetails":[],"WidgetTemplates":[],"Definition":{"Identifier":"27153080-2b72-4260-a8b0-61152e521006","IsEnable":true,"Version":0.0,"IsArchived":false,"IsAutomatic":true,"Name":"Block Indicator - Infoblox NIOS","Category":7,"Description":"Automate the blocking of malicious domains and IP addresses in Infoblox Response Policy Zones (RPZ) using RPZ rule creation and management.","Priority":2,"Creator":"7a62d6cc-82a4-4160-b1b3-98f97c00797b","VersionCreator":null,"VersionComment":null,"OriginalWorkflowIdentifier":"6e46cf9e-f5d4-4b15-9350-87a93bc0eabe","TemplateName":null,"PlaybookType":0,"IsDebugMode":false,"DebugBaseAlertIdentifier":"DGA - SUPPOBOX_FE6FF891-E198-4A62-9D97-2A2BB9642F8D","DebugAlertIdentifier":"DGA - SUPPOBOX2A8710CA-86FB-4DBA-9000-8F5075E7F9AD","SimulationClone":false,"DefaultAccessLevel":2,"CreationSource":1,"Steps":[{"Identifier":"07877c0c-b94a-46b3-b6ff-311fb2e15bf1","OriginalStepIdentifier":"44fb0214-c084-4ea1-8787-c1c8adf998bc","ParentWorkflowIdentifier":"27153080-2b72-4260-a8b0-61152e521006","ParentStepIdentifiers":["5a250f58-7d72-4d0b-93ec-e51e840c8f7f"],"ParentStepIdentifier":"5a250f58-7d72-4d0b-93ec-e51e840c8f7f","PreviousResultCondition":"{\n  \"5a250f58-7d72-4d0b-93ec-e51e840c8f7f\": \"1\"\n}","InstanceName":"Indicator domain already blocked","IsAutomatic":true,"Name":"Siemplify_Case Comment","IsSkippable":false,"Description":"Indicator domain already blocked.","ActionProvider":"Scripts","ActionName":"Siemplify_Case Comment","Type":0,"Integration":"Siemplify","Parameters":[{"ParentStepIdentifier":"07877c0c-b94a-46b3-b6ff-311fb2e15bf1","ParentWorkflowIdentifier":"27153080-2b72-4260-a8b0-61152e521006","Name":"AssignedUsers","Value":null},{"ParentStepIdentifier":"07877c0c-b94a-46b3-b6ff-311fb2e15bf1","ParentWorkflowIdentifier":"27153080-2b72-4260-a8b0-61152e521006","Name":"DynamicInjectionInstancePlaceholder","Value":""},{"ParentStepIdentifier":"07877c0c-b94a-46b3-b6ff-311fb2e15bf1","ParentWorkflowIdentifier":"27153080-2b72-4260-a8b0-61152e521006","Name":"FallbackIntegrationInstance","Value":"da55c3fd-7183-4f56-b1a0-d105345059ec"},{"ParentStepIdentifier":"07877c0c-b94a-46b3-b6ff-311fb2e15bf1","ParentWorkflowIdentifier":"27153080-2b72-4260-a8b0-61152e521006","Name":"FetchInstanceByName","Value":"false"},{"ParentStepIdentifier":"07877c0c-b94a-46b3-b6ff-311fb2e15bf1","ParentWorkflowIdentifier":"27153080-2b72-4260-a8b0-61152e521006","Name":"HasApprovalLink","Value":null},{"ParentStepIdentifier":"07877c0c-b94a-46b3-b6ff-311fb2e15bf1","ParentWorkflowIdentifier":"27153080-2b72-4260-a8b0-61152e521006","Name":"IntegrationInstance","Value":"AutomaticEnvironment"},{"ParentStepIdentifier":"07877c0c-b94a-46b3-b6ff-311fb2e15bf1","ParentWorkflowIdentifier":"27153080-2b72-4260-a8b0-61152e521006","Name":"MessageToAssignee","Value":null},{"ParentStepIdentifier":"07877c0c-b94a-46b3-b6ff-311fb2e15bf1","ParentWorkflowIdentifier":"27153080-2b72-4260-a8b0-61152e521006","Name":"PendingActionTimeout","Value":null},{"ParentStepIdentifier":"07877c0c-b94a-46b3-b6ff-311fb2e15bf1","ParentWorkflowIdentifier":"27153080-2b72-4260-a8b0-61152e521006","Name":"RetryConfiguration","Value":"{\"Enabled\":false,\"IntervalInSeconds\":30,\"NumberOfRetries\":1}"},{"ParentStepIdentifier":"07877c0c-b94a-46b3-b6ff-311fb2e15bf1","ParentWorkflowIdentifier":"27153080-2b72-4260-a8b0-61152e521006","Name":"ScriptName","Value":"Siemplify_Case Comment"},{"ParentStepIdentifier":"07877c0c-b94a-46b3-b6ff-311fb2e15bf1","ParentWorkflowIdentifier":"27153080-2b72-4260-a8b0-61152e521006","Name":"ScriptParametersEntityFields","Value":"{\"Comment\":\"Indicator `[Indicator Input Block-Unblock_1.Create JSON.JsonResult|\\\"root.indicator\\\"]` is already blocked.\"}"},{"ParentStepIdentifier":"07877c0c-b94a-46b3-b6ff-311fb2e15bf1","ParentWorkflowIdentifier":"27153080-2b72-4260-a8b0-61152e521006","Name":"SelectedScopeName","Value":"All entities"},{"ParentStepIdentifier":"07877c0c-b94a-46b3-b6ff-311fb2e15bf1","ParentWorkflowIdentifier":"27153080-2b72-4260-a8b0-61152e521006","Name":"UseEntitiesLoopScope","Value":null}],"AutoSkipOnFailure":false,"IsDebugMockData":false,"StepDebugData":null,"ParentStepContainerId":null,"IsTouchedByAi":false,"StartLoopStepIdentifier":null,"ParallelActions":[]},{"Identifier":"14bf4aa7-eedb-4c35-a316-2dc829ea64fd","OriginalStepIdentifier":"dec4db26-4234-40c8-99d9-d51b076cfb3e","ParentWorkflowIdentifier":"27153080-2b72-4260-a8b0-61152e521006","ParentStepIdentifiers":["356eabf2-4c54-4c15-ba18-c2a284b9487e"],"ParentStepIdentifier":"356eabf2-4c54-4c15-ba18-c2a284b9487e","PreviousResultCondition":"{}","InstanceName":"Get RP Zone Details","IsAutomatic":true,"Name":"Get RP Zone","IsSkippable":false,"Description":"Check RP Zone exists else create RP Zone.","ActionProvider":"Flow","ActionName":"NestedAction","Type":5,"Integration":"Siemplify","Parameters":[{"ParentStepIdentifier":"14bf4aa7-eedb-4c35-a316-2dc829ea64fd","ParentWorkflowIdentifier":"27153080-2b72-4260-a8b0-61152e521006","Name":"AssignedUsers","Value":null},{"ParentStepIdentifier":"14bf4aa7-eedb-4c35-a316-2dc829ea64fd","ParentWorkflowIdentifier":"27153080-2b72-4260-a8b0-61152e521006","Name":"HasApprovalLink","Value":null},{"ParentStepIdentifier":"14bf4aa7-eedb-4c35-a316-2dc829ea64fd","ParentWorkflowIdentifier":"27153080-2b72-4260-a8b0-61152e521006","Name":"MessageToAssignee","Value":null},{"ParentStepIdentifier":"14bf4aa7-eedb-4c35-a316-2dc829ea64fd","ParentWorkflowIdentifier":"27153080-2b72-4260-a8b0-61152e521006","Name":"NestedWorkflowIdentifier","Value":"f8d9c91c-6077-4464-b600-ee4eba4752df"},{"ParentStepIdentifier":"14bf4aa7-eedb-4c35-a316-2dc829ea64fd","ParentWorkflowIdentifier":"27153080-2b72-4260-a8b0-61152e521006","Name":"NestedWorkflowInputs","Value":"[{\"FieldName\":\"RP Zone\",\"Value\":\"[Indicator Input Block-Unblock_1.Create JSON.JsonResult | \\\"root.rpzone\\\"]\"}]"},{"ParentStepIdentifier":"14bf4aa7-eedb-4c35-a316-2dc829ea64fd","ParentWorkflowIdentifier":"27153080-2b72-4260-a8b0-61152e521006","Name":"PendingActionTimeout","Value":null},{"ParentStepIdentifier":"14bf4aa7-eedb-4c35-a316-2dc829ea64fd","ParentWorkflowIdentifier":"27153080-2b72-4260-a8b0-61152e521006","Name":"UseEntitiesLoopScope","Value":"true"}],"AutoSkipOnFailure":false,"IsDebugMockData":false,"StepDebugData":null,"ParentStepContainerId":null,"IsTouchedByAi":false,"StartLoopStepIdentifier":null,"ParallelActions":[]},{"Identifier":"23fda44e-a4d9-4d80-92ee-8e897a8c5ffe","OriginalStepIdentifier":"c55e1810-9448-4bd7-a396-d255d52890aa","ParentWorkflowIdentifier":"27153080-2b72-4260-a8b0-61152e521006","ParentStepIdentifiers":["84aa4bfb-6a1c-4a43-90f1-fdf0b5f12bf8"],"ParentStepIdentifier":"84aa4bfb-6a1c-4a43-90f1-fdf0b5f12bf8","PreviousResultCondition":"{\n  \"84aa4bfb-6a1c-4a43-90f1-fdf0b5f12bf8\": \"2\"\n}","InstanceName":"Create RPZ Rule Domain","IsAutomatic":true,"Name":"InfobloxNIOS_Create RPZ CNAME Rule","IsSkippable":false,"Description":"Adds a CNAME rule to an existing RPZ to override DNS behavior. ","ActionProvider":"Scripts","ActionName":"InfobloxNIOS_Create RPZ CNAME Rule","Type":0,"Integration":"InfobloxNIOS","Parameters":[{"ParentStepIdentifier":"23fda44e-a4d9-4d80-92ee-8e897a8c5ffe","ParentWorkflowIdentifier":"27153080-2b72-4260-a8b0-61152e521006","Name":"AssignedUsers","Value":null},{"ParentStepIdentifier":"23fda44e-a4d9-4d80-92ee-8e897a8c5ffe","ParentWorkflowIdentifier":"27153080-2b72-4260-a8b0-61152e521006","Name":"DynamicInjectionInstancePlaceholder","Value":""},{"ParentStepIdentifier":"23fda44e-a4d9-4d80-92ee-8e897a8c5ffe","ParentWorkflowIdentifier":"27153080-2b72-4260-a8b0-61152e521006","Name":"FallbackIntegrationInstance","Value":null},{"ParentStepIdentifier":"23fda44e-a4d9-4d80-92ee-8e897a8c5ffe","ParentWorkflowIdentifier":"27153080-2b72-4260-a8b0-61152e521006","Name":"FetchInstanceByName","Value":"false"},{"ParentStepIdentifier":"23fda44e-a4d9-4d80-92ee-8e897a8c5ffe","ParentWorkflowIdentifier":"27153080-2b72-4260-a8b0-61152e521006","Name":"HasApprovalLink","Value":null},{"ParentStepIdentifier":"23fda44e-a4d9-4d80-92ee-8e897a8c5ffe","ParentWorkflowIdentifier":"27153080-2b72-4260-a8b0-61152e521006","Name":"IntegrationInstance","Value":"4000ecbe-cf93-4199-9a40-088367070539"},{"ParentStepIdentifier":"23fda44e-a4d9-4d80-92ee-8e897a8c5ffe","ParentWorkflowIdentifier":"27153080-2b72-4260-a8b0-61152e521006","Name":"MessageToAssignee","Value":null},{"ParentStepIdentifier":"23fda44e-a4d9-4d80-92ee-8e897a8c5ffe","ParentWorkflowIdentifier":"27153080-2b72-4260-a8b0-61152e521006","Name":"PendingActionTimeout","Value":null},{"ParentStepIdentifier":"23fda44e-a4d9-4d80-92ee-8e897a8c5ffe","ParentWorkflowIdentifier":"27153080-2b72-4260-a8b0-61152e521006","Name":"RetryConfiguration","Value":"{\"Enabled\":false,\"IntervalInSeconds\":30,\"NumberOfRetries\":1}"},{"ParentStepIdentifier":"23fda44e-a4d9-4d80-92ee-8e897a8c5ffe","ParentWorkflowIdentifier":"27153080-2b72-4260-a8b0-61152e521006","Name":"ScriptName","Value":"InfobloxNIOS_Create RPZ CNAME Rule"},{"ParentStepIdentifier":"23fda44e-a4d9-4d80-92ee-8e897a8c5ffe","ParentWorkflowIdentifier":"27153080-2b72-4260-a8b0-61152e521006","Name":"ScriptParametersEntityFields","Value":"{\"Substitute Name\":\"\",\"Rule Type\":\"Block (No such domain)\",\"Object Type\":\"Domain Name\",\"Name\":\"[Indicator Input Block-Unblock_1.Create JSON.JsonResult | \\\"root.indicator\\\"].[Indicator Input Block-Unblock_1.Create JSON.JsonResult | \\\"root.rpzone\\\"]\",\"RP Zone\":\"[Indicator Input Block-Unblock_1.Create JSON.JsonResult | \\\"root.rpzone\\\"]\",\"Comment\":\"\",\"View\":\"default\",\"Additional Parameters\":\"\"}"},{"ParentStepIdentifier":"23fda44e-a4d9-4d80-92ee-8e897a8c5ffe","ParentWorkflowIdentifier":"27153080-2b72-4260-a8b0-61152e521006","Name":"SelectedScopeName","Value":"All entities"},{"ParentStepIdentifier":"23fda44e-a4d9-4d80-92ee-8e897a8c5ffe","ParentWorkflowIdentifier":"27153080-2b72-4260-a8b0-61152e521006","Name":"UseEntitiesLoopScope","Value":null}],"AutoSkipOnFailure":false,"IsDebugMockData":false,"StepDebugData":null,"ParentStepContainerId":null,"IsTouchedByAi":false,"StartLoopStepIdentifier":null,"ParallelActions":[]},{"Identifier":"25e0cd5b-47a8-4c2a-8951-27719fb4806a","OriginalStepIdentifier":"b7b77cf7-9b26-4167-9a60-217a8ae3565c","ParentWorkflowIdentifier":"27153080-2b72-4260-a8b0-61152e521006","ParentStepIdentifiers":["d01b0821-b13a-43dc-bdf4-fc546d8f44c1"],"ParentStepIdentifier":"d01b0821-b13a-43dc-bdf4-fc546d8f44c1","PreviousResultCondition":"{}","InstanceName":"Check RPZ Rule exists","IsAutomatic":true,"Name":"Condition","IsSkippable":false,"Description":"Choose the RPZ Rule creation or updation.","ActionProvider":"Flow","ActionName":"IfFlowCondition","Type":4,"Integration":"Flow","Parameters":[{"ParentStepIdentifier":"25e0cd5b-47a8-4c2a-8951-27719fb4806a","ParentWorkflowIdentifier":"27153080-2b72-4260-a8b0-61152e521006","Name":"AssignedUsers","Value":null},{"ParentStepIdentifier":"25e0cd5b-47a8-4c2a-8951-27719fb4806a","ParentWorkflowIdentifier":"27153080-2b72-4260-a8b0-61152e521006","Name":"Branches","Value":"[{\"LogicalOperator\":1,\"Conditions\":[{\"Operator\":0,\"FieldName\":\"[Validate and Search Indicator.ReturnValue]\\n\",\"Type\":7,\"Value\":\"Found IP\"}],\"Order\":1,\"IsDefaultBranch\":false,\"Name\":\"Branch\"},{\"LogicalOperator\":0,\"Conditions\":[],\"Order\":3,\"IsDefaultBranch\":true,\"Name\":\"Branch\"},{\"LogicalOperator\":1,\"Conditions\":[{\"Operator\":0,\"FieldName\":\"[Validate and Search Indicator.ReturnValue]\",\"Type\":7,\"Value\":\"Found Domain\"}],\"Order\":2,\"IsDefaultBranch\":false,\"Name\":\"Branch\"}]"},{"ParentStepIdentifier":"25e0cd5b-47a8-4c2a-8951-27719fb4806a","ParentWorkflowIdentifier":"27153080-2b72-4260-a8b0-61152e521006","Name":"ErrorFallbackBranch","Value":null},{"ParentStepIdentifier":"25e0cd5b-47a8-4c2a-8951-27719fb4806a","ParentWorkflowIdentifier":"27153080-2b72-4260-a8b0-61152e521006","Name":"HasApprovalLink","Value":null},{"ParentStepIdentifier":"25e0cd5b-47a8-4c2a-8951-27719fb4806a","ParentWorkflowIdentifier":"27153080-2b72-4260-a8b0-61152e521006","Name":"MessageToAssignee","Value":null},{"ParentStepIdentifier":"25e0cd5b-47a8-4c2a-8951-27719fb4806a","ParentWorkflowIdentifier":"27153080-2b72-4260-a8b0-61152e521006","Name":"PendingActionTimeout","Value":null},{"ParentStepIdentifier":"25e0cd5b-47a8-4c2a-8951-27719fb4806a","ParentWorkflowIdentifier":"27153080-2b72-4260-a8b0-61152e521006","Name":"SelectedScopeName","Value":"All entities"},{"ParentStepIdentifier":"25e0cd5b-47a8-4c2a-8951-27719fb4806a","ParentWorkflowIdentifier":"27153080-2b72-4260-a8b0-61152e521006","Name":"UseEntitiesLoopScope","Value":"true"}],"AutoSkipOnFailure":false,"IsDebugMockData":false,"StepDebugData":null,"ParentStepContainerId":null,"IsTouchedByAi":false,"StartLoopStepIdentifier":null,"ParallelActions":[]},{"Identifier":"32e7b297-2c95-46fa-b7a1-9fc50ea5aa81","OriginalStepIdentifier":"bb0f775a-5ee6-4782-b17a-a3bb9c64ce5e","ParentWorkflowIdentifier":"27153080-2b72-4260-a8b0-61152e521006","ParentStepIdentifiers":["5a250f58-7d72-4d0b-93ec-e51e840c8f7f"],"ParentStepIdentifier":"5a250f58-7d72-4d0b-93ec-e51e840c8f7f","PreviousResultCondition":"{\n  \"5a250f58-7d72-4d0b-93ec-e51e840c8f7f\": \"2\"\n}","InstanceName":"Update RPZ Rule for Domain","IsAutomatic":true,"Name":"InfobloxNIOS_Update RPZ CNAME Rule","IsSkippable":false,"Description":"Updates an existing rule in RPZ CNAME to modify DNS behavior. ","ActionProvider":"Scripts","ActionName":"InfobloxNIOS_Update RPZ CNAME Rule","Type":0,"Integration":"InfobloxNIOS","Parameters":[{"ParentStepIdentifier":"32e7b297-2c95-46fa-b7a1-9fc50ea5aa81","ParentWorkflowIdentifier":"27153080-2b72-4260-a8b0-61152e521006","Name":"AssignedUsers","Value":null},{"ParentStepIdentifier":"32e7b297-2c95-46fa-b7a1-9fc50ea5aa81","ParentWorkflowIdentifier":"27153080-2b72-4260-a8b0-61152e521006","Name":"DynamicInjectionInstancePlaceholder","Value":""},{"ParentStepIdentifier":"32e7b297-2c95-46fa-b7a1-9fc50ea5aa81","ParentWorkflowIdentifier":"27153080-2b72-4260-a8b0-61152e521006","Name":"FallbackIntegrationInstance","Value":"4000ecbe-cf93-4199-9a40-088367070539"},{"ParentStepIdentifier":"32e7b297-2c95-46fa-b7a1-9fc50ea5aa81","ParentWorkflowIdentifier":"27153080-2b72-4260-a8b0-61152e521006","Name":"FetchInstanceByName","Value":"false"},{"ParentStepIdentifier":"32e7b297-2c95-46fa-b7a1-9fc50ea5aa81","ParentWorkflowIdentifier":"27153080-2b72-4260-a8b0-61152e521006","Name":"HasApprovalLink","Value":null},{"ParentStepIdentifier":"32e7b297-2c95-46fa-b7a1-9fc50ea5aa81","ParentWorkflowIdentifier":"27153080-2b72-4260-a8b0-61152e521006","Name":"IntegrationInstance","Value":"AutomaticEnvironment"},{"ParentStepIdentifier":"32e7b297-2c95-46fa-b7a1-9fc50ea5aa81","ParentWorkflowIdentifier":"27153080-2b72-4260-a8b0-61152e521006","Name":"MessageToAssignee","Value":null},{"ParentStepIdentifier":"32e7b297-2c95-46fa-b7a1-9fc50ea5aa81","ParentWorkflowIdentifier":"27153080-2b72-4260-a8b0-61152e521006","Name":"PendingActionTimeout","Value":null},{"ParentStepIdentifier":"32e7b297-2c95-46fa-b7a1-9fc50ea5aa81","ParentWorkflowIdentifier":"27153080-2b72-4260-a8b0-61152e521006","Name":"RetryConfiguration","Value":"{\"Enabled\":false,\"IntervalInSeconds\":30,\"NumberOfRetries\":1}"},{"ParentStepIdentifier":"32e7b297-2c95-46fa-b7a1-9fc50ea5aa81","ParentWorkflowIdentifier":"27153080-2b72-4260-a8b0-61152e521006","Name":"ScriptName","Value":"InfobloxNIOS_Update RPZ CNAME Rule"},{"ParentStepIdentifier":"32e7b297-2c95-46fa-b7a1-9fc50ea5aa81","ParentWorkflowIdentifier":"27153080-2b72-4260-a8b0-61152e521006","Name":"ScriptParametersEntityFields","Value":"{\"Reference ID\":\"[Validate and Search Indicator.Search RPZ Rule Domain.JsonResult| \\\"_ref\\\"]\\n\",\"Rule Type\":\"Block (No such Domain)\",\"Name\":\"[Indicator Input Block-Unblock_1.Create JSON.JsonResult| \\\"root.indicator\\\"]\",\"RP Zone\":\"[Indicator Input Block-Unblock_1.Create JSON.JsonResult| \\\"root.rpzone\\\"]\",\"Comment\":\"\",\"Substitute Name\":\"\",\"View\":\"default\",\"Additional Parameters\":\"\"}"},{"ParentStepIdentifier":"32e7b297-2c95-46fa-b7a1-9fc50ea5aa81","ParentWorkflowIdentifier":"27153080-2b72-4260-a8b0-61152e521006","Name":"SelectedScopeName","Value":"All entities"},{"ParentStepIdentifier":"32e7b297-2c95-46fa-b7a1-9fc50ea5aa81","ParentWorkflowIdentifier":"27153080-2b72-4260-a8b0-61152e521006","Name":"UseEntitiesLoopScope","Value":null}],"AutoSkipOnFailure":false,"IsDebugMockData":false,"StepDebugData":null,"ParentStepContainerId":null,"IsTouchedByAi":false,"StartLoopStepIdentifier":null,"ParallelActions":[]},{"Identifier":"356eabf2-4c54-4c15-ba18-c2a284b9487e","OriginalStepIdentifier":"931140eb-360a-42ad-910a-e99dd68b6d70","ParentWorkflowIdentifier":"27153080-2b72-4260-a8b0-61152e521006","ParentStepIdentifiers":[],"ParentStepIdentifier":"","PreviousResultCondition":null,"InstanceName":"Indicator Input Block-Unblock_1","IsAutomatic":false,"Name":"Indicator Input Block-Unblock","IsSkippable":false,"Description":"Add Indicator and RP Zone.","ActionProvider":"Flow","ActionName":"NestedAction","Type":5,"Integration":"Siemplify","Parameters":[{"ParentStepIdentifier":"356eabf2-4c54-4c15-ba18-c2a284b9487e","ParentWorkflowIdentifier":"27153080-2b72-4260-a8b0-61152e521006","Name":"AssignedUsers","Value":"[\"@Administrator\"]"},{"ParentStepIdentifier":"356eabf2-4c54-4c15-ba18-c2a284b9487e","ParentWorkflowIdentifier":"27153080-2b72-4260-a8b0-61152e521006","Name":"HasApprovalLink","Value":null},{"ParentStepIdentifier":"356eabf2-4c54-4c15-ba18-c2a284b9487e","ParentWorkflowIdentifier":"27153080-2b72-4260-a8b0-61152e521006","Name":"MessageToAssignee","Value":"Add Indicator and RP Zone to block."},{"ParentStepIdentifier":"356eabf2-4c54-4c15-ba18-c2a284b9487e","ParentWorkflowIdentifier":"27153080-2b72-4260-a8b0-61152e521006","Name":"NestedWorkflowIdentifier","Value":"91639f13-227a-4871-a73a-7ca392ff29cd"},{"ParentStepIdentifier":"356eabf2-4c54-4c15-ba18-c2a284b9487e","ParentWorkflowIdentifier":"27153080-2b72-4260-a8b0-61152e521006","Name":"NestedWorkflowInputs","Value":"[{\"FieldName\":\"Indicator\",\"Value\":\"2001:db8:85a3::8a2e:370:7334\"},{\"FieldName\":\"RP Zone\",\"Value\":\"threat.rpz.com\"}]"},{"ParentStepIdentifier":"356eabf2-4c54-4c15-ba18-c2a284b9487e","ParentWorkflowIdentifier":"27153080-2b72-4260-a8b0-61152e521006","Name":"PendingActionTimeout","Value":null},{"ParentStepIdentifier":"356eabf2-4c54-4c15-ba18-c2a284b9487e","ParentWorkflowIdentifier":"27153080-2b72-4260-a8b0-61152e521006","Name":"UseEntitiesLoopScope","Value":"true"}],"AutoSkipOnFailure":false,"IsDebugMockData":false,"StepDebugData":null,"ParentStepContainerId":null,"IsTouchedByAi":false,"StartLoopStepIdentifier":null,"ParallelActions":[]},{"Identifier":"544d554a-1f98-44da-955f-6f26bae8aa39","OriginalStepIdentifier":"b9e98553-2d20-40c3-86f7-de94c3b97e7c","ParentWorkflowIdentifier":"27153080-2b72-4260-a8b0-61152e521006","ParentStepIdentifiers":["f73f6f0c-ac58-4aa6-8dbe-08c81d9aa3ba"],"ParentStepIdentifier":"f73f6f0c-ac58-4aa6-8dbe-08c81d9aa3ba","PreviousResultCondition":"{\n  \"f73f6f0c-ac58-4aa6-8dbe-08c81d9aa3ba\": \"1\"\n}","InstanceName":"Indicator IP already blocked","IsAutomatic":true,"Name":"Siemplify_Case Comment","IsSkippable":false,"Description":"Indicator IP already blocked.","ActionProvider":"Scripts","ActionName":"Siemplify_Case Comment","Type":0,"Integration":"Siemplify","Parameters":[{"ParentStepIdentifier":"544d554a-1f98-44da-955f-6f26bae8aa39","ParentWorkflowIdentifier":"27153080-2b72-4260-a8b0-61152e521006","Name":"AssignedUsers","Value":null},{"ParentStepIdentifier":"544d554a-1f98-44da-955f-6f26bae8aa39","ParentWorkflowIdentifier":"27153080-2b72-4260-a8b0-61152e521006","Name":"DynamicInjectionInstancePlaceholder","Value":""},{"ParentStepIdentifier":"544d554a-1f98-44da-955f-6f26bae8aa39","ParentWorkflowIdentifier":"27153080-2b72-4260-a8b0-61152e521006","Name":"FallbackIntegrationInstance","Value":"da55c3fd-7183-4f56-b1a0-d105345059ec"},{"ParentStepIdentifier":"544d554a-1f98-44da-955f-6f26bae8aa39","ParentWorkflowIdentifier":"27153080-2b72-4260-a8b0-61152e521006","Name":"FetchInstanceByName","Value":"false"},{"ParentStepIdentifier":"544d554a-1f98-44da-955f-6f26bae8aa39","ParentWorkflowIdentifier":"27153080-2b72-4260-a8b0-61152e521006","Name":"HasApprovalLink","Value":null},{"ParentStepIdentifier":"544d554a-1f98-44da-955f-6f26bae8aa39","ParentWorkflowIdentifier":"27153080-2b72-4260-a8b0-61152e521006","Name":"IntegrationInstance","Value":"AutomaticEnvironment"},{"ParentStepIdentifier":"544d554a-1f98-44da-955f-6f26bae8aa39","ParentWorkflowIdentifier":"27153080-2b72-4260-a8b0-61152e521006","Name":"MessageToAssignee","Value":null},{"ParentStepIdentifier":"544d554a-1f98-44da-955f-6f26bae8aa39","ParentWorkflowIdentifier":"27153080-2b72-4260-a8b0-61152e521006","Name":"PendingActionTimeout","Value":null},{"ParentStepIdentifier":"544d554a-1f98-44da-955f-6f26bae8aa39","ParentWorkflowIdentifier":"27153080-2b72-4260-a8b0-61152e521006","Name":"RetryConfiguration","Value":"{\"Enabled\":false,\"IntervalInSeconds\":30,\"NumberOfRetries\":1}"},{"ParentStepIdentifier":"544d554a-1f98-44da-955f-6f26bae8aa39","ParentWorkflowIdentifier":"27153080-2b72-4260-a8b0-61152e521006","Name":"ScriptName","Value":"Siemplify_Case Comment"},{"ParentStepIdentifier":"544d554a-1f98-44da-955f-6f26bae8aa39","ParentWorkflowIdentifier":"27153080-2b72-4260-a8b0-61152e521006","Name":"ScriptParametersEntityFields","Value":"{\"Comment\":\"Indicator `[Indicator Input Block-Unblock_1.Create JSON.JsonResult|\\\"root.indicator\\\"]` is already blocked.\"}"},{"ParentStepIdentifier":"544d554a-1f98-44da-955f-6f26bae8aa39","ParentWorkflowIdentifier":"27153080-2b72-4260-a8b0-61152e521006","Name":"SelectedScopeName","Value":"All entities"},{"ParentStepIdentifier":"544d554a-1f98-44da-955f-6f26bae8aa39","ParentWorkflowIdentifier":"27153080-2b72-4260-a8b0-61152e521006","Name":"UseEntitiesLoopScope","Value":null}],"AutoSkipOnFailure":false,"IsDebugMockData":false,"StepDebugData":null,"ParentStepContainerId":null,"IsTouchedByAi":false,"StartLoopStepIdentifier":null,"ParallelActions":[]},{"Identifier":"54f9430f-85da-4e01-a93c-3eebb72e0ee8","OriginalStepIdentifier":"85e3c5d1-af05-4222-93f9-1111bc6d7e5d","ParentWorkflowIdentifier":"27153080-2b72-4260-a8b0-61152e521006","ParentStepIdentifiers":["32e7b297-2c95-46fa-b7a1-9fc50ea5aa81"],"ParentStepIdentifier":"32e7b297-2c95-46fa-b7a1-9fc50ea5aa81","PreviousResultCondition":"{}","InstanceName":"Indicator Blocked Domain","IsAutomatic":true,"Name":"Siemplify_Case Comment","IsSkippable":false,"Description":"Domain Indicator Blocked","ActionProvider":"Scripts","ActionName":"Siemplify_Case Comment","Type":0,"Integration":"Siemplify","Parameters":[{"ParentStepIdentifier":"54f9430f-85da-4e01-a93c-3eebb72e0ee8","ParentWorkflowIdentifier":"27153080-2b72-4260-a8b0-61152e521006","Name":"AssignedUsers","Value":null},{"ParentStepIdentifier":"54f9430f-85da-4e01-a93c-3eebb72e0ee8","ParentWorkflowIdentifier":"27153080-2b72-4260-a8b0-61152e521006","Name":"DynamicInjectionInstancePlaceholder","Value":""},{"ParentStepIdentifier":"54f9430f-85da-4e01-a93c-3eebb72e0ee8","ParentWorkflowIdentifier":"27153080-2b72-4260-a8b0-61152e521006","Name":"FallbackIntegrationInstance","Value":"da55c3fd-7183-4f56-b1a0-d105345059ec"},{"ParentStepIdentifier":"54f9430f-85da-4e01-a93c-3eebb72e0ee8","ParentWorkflowIdentifier":"27153080-2b72-4260-a8b0-61152e521006","Name":"FetchInstanceByName","Value":"false"},{"ParentStepIdentifier":"54f9430f-85da-4e01-a93c-3eebb72e0ee8","ParentWorkflowIdentifier":"27153080-2b72-4260-a8b0-61152e521006","Name":"HasApprovalLink","Value":null},{"ParentStepIdentifier":"54f9430f-85da-4e01-a93c-3eebb72e0ee8","ParentWorkflowIdentifier":"27153080-2b72-4260-a8b0-61152e521006","Name":"IntegrationInstance","Value":"AutomaticEnvironment"},{"ParentStepIdentifier":"54f9430f-85da-4e01-a93c-3eebb72e0ee8","ParentWorkflowIdentifier":"27153080-2b72-4260-a8b0-61152e521006","Name":"MessageToAssignee","Value":null},{"ParentStepIdentifier":"54f9430f-85da-4e01-a93c-3eebb72e0ee8","ParentWorkflowIdentifier":"27153080-2b72-4260-a8b0-61152e521006","Name":"PendingActionTimeout","Value":null},{"ParentStepIdentifier":"54f9430f-85da-4e01-a93c-3eebb72e0ee8","ParentWorkflowIdentifier":"27153080-2b72-4260-a8b0-61152e521006","Name":"RetryConfiguration","Value":"{\"Enabled\":false,\"IntervalInSeconds\":30,\"NumberOfRetries\":1}"},{"ParentStepIdentifier":"54f9430f-85da-4e01-a93c-3eebb72e0ee8","ParentWorkflowIdentifier":"27153080-2b72-4260-a8b0-61152e521006","Name":"ScriptName","Value":"Siemplify_Case Comment"},{"ParentStepIdentifier":"54f9430f-85da-4e01-a93c-3eebb72e0ee8","ParentWorkflowIdentifier":"27153080-2b72-4260-a8b0-61152e521006","Name":"ScriptParametersEntityFields","Value":"{\"Comment\":\"Indicator `[Indicator Input Block-Unblock_1.Create JSON.JsonResult|\\\"root.indicator\\\"]` is blocked.\"}"},{"ParentStepIdentifier":"54f9430f-85da-4e01-a93c-3eebb72e0ee8","ParentWorkflowIdentifier":"27153080-2b72-4260-a8b0-61152e521006","Name":"SelectedScopeName","Value":"All entities"},{"ParentStepIdentifier":"54f9430f-85da-4e01-a93c-3eebb72e0ee8","ParentWorkflowIdentifier":"27153080-2b72-4260-a8b0-61152e521006","Name":"UseEntitiesLoopScope","Value":null}],"AutoSkipOnFailure":false,"IsDebugMockData":false,"StepDebugData":null,"ParentStepContainerId":null,"IsTouchedByAi":false,"StartLoopStepIdentifier":null,"ParallelActions":[]},{"Identifier":"5a250f58-7d72-4d0b-93ec-e51e840c8f7f","OriginalStepIdentifier":"caf9ff6f-1b89-41bc-8f77-dba38c1450bc","ParentWorkflowIdentifier":"27153080-2b72-4260-a8b0-61152e521006","ParentStepIdentifiers":["25e0cd5b-47a8-4c2a-8951-27719fb4806a"],"ParentStepIdentifier":"25e0cd5b-47a8-4c2a-8951-27719fb4806a","PreviousResultCondition":"{\n  \"25e0cd5b-47a8-4c2a-8951-27719fb4806a\": \"2\"\n}","InstanceName":"If canonical=\"\" for Domain","IsAutomatic":true,"Name":"Condition","IsSkippable":false,"Description":"Check if indicator is already blocked.","ActionProvider":"Flow","ActionName":"IfFlowCondition","Type":4,"Integration":"Flow","Parameters":[{"ParentStepIdentifier":"5a250f58-7d72-4d0b-93ec-e51e840c8f7f","ParentWorkflowIdentifier":"27153080-2b72-4260-a8b0-61152e521006","Name":"AssignedUsers","Value":null},{"ParentStepIdentifier":"5a250f58-7d72-4d0b-93ec-e51e840c8f7f","ParentWorkflowIdentifier":"27153080-2b72-4260-a8b0-61152e521006","Name":"Branches","Value":"[{\"LogicalOperator\":0,\"Conditions\":[{\"Operator\":7,\"FieldName\":\"[Validate and Search Indicator.Search RPZ Rule Domain.JsonResult| \\\"canonical\\\"]\",\"Type\":7,\"Value\":\"\"}],\"Order\":1,\"IsDefaultBranch\":false,\"Name\":\"Branch\"},{\"LogicalOperator\":0,\"Conditions\":[],\"Order\":2,\"IsDefaultBranch\":true,\"Name\":\"Branch\"}]"},{"ParentStepIdentifier":"5a250f58-7d72-4d0b-93ec-e51e840c8f7f","ParentWorkflowIdentifier":"27153080-2b72-4260-a8b0-61152e521006","Name":"ErrorFallbackBranch","Value":null},{"ParentStepIdentifier":"5a250f58-7d72-4d0b-93ec-e51e840c8f7f","ParentWorkflowIdentifier":"27153080-2b72-4260-a8b0-61152e521006","Name":"HasApprovalLink","Value":null},{"ParentStepIdentifier":"5a250f58-7d72-4d0b-93ec-e51e840c8f7f","ParentWorkflowIdentifier":"27153080-2b72-4260-a8b0-61152e521006","Name":"MessageToAssignee","Value":null},{"ParentStepIdentifier":"5a250f58-7d72-4d0b-93ec-e51e840c8f7f","ParentWorkflowIdentifier":"27153080-2b72-4260-a8b0-61152e521006","Name":"PendingActionTimeout","Value":null},{"ParentStepIdentifier":"5a250f58-7d72-4d0b-93ec-e51e840c8f7f","ParentWorkflowIdentifier":"27153080-2b72-4260-a8b0-61152e521006","Name":"SelectedScopeName","Value":"All entities"},{"ParentStepIdentifier":"5a250f58-7d72-4d0b-93ec-e51e840c8f7f","ParentWorkflowIdentifier":"27153080-2b72-4260-a8b0-61152e521006","Name":"UseEntitiesLoopScope","Value":"true"}],"AutoSkipOnFailure":false,"IsDebugMockData":false,"StepDebugData":null,"ParentStepContainerId":null,"IsTouchedByAi":false,"StartLoopStepIdentifier":null,"ParallelActions":[]},{"Identifier":"7f676f95-1eeb-4ec7-80ee-24d61cccfaad","OriginalStepIdentifier":"3bfce47d-a721-4aba-8ff2-34bc7a0d44e5","ParentWorkflowIdentifier":"27153080-2b72-4260-a8b0-61152e521006","ParentStepIdentifiers":["9abf2839-91ef-443d-b2f4-5ee7027eca55"],"ParentStepIdentifier":"9abf2839-91ef-443d-b2f4-5ee7027eca55","PreviousResultCondition":"{}","InstanceName":"Blocked IP Address","IsAutomatic":true,"Name":"Siemplify_Case Comment","IsSkippable":false,"Description":"Indicator IP blocked.","ActionProvider":"Scripts","ActionName":"Siemplify_Case Comment","Type":0,"Integration":"Siemplify","Parameters":[{"ParentStepIdentifier":"7f676f95-1eeb-4ec7-80ee-24d61cccfaad","ParentWorkflowIdentifier":"27153080-2b72-4260-a8b0-61152e521006","Name":"AssignedUsers","Value":null},{"ParentStepIdentifier":"7f676f95-1eeb-4ec7-80ee-24d61cccfaad","ParentWorkflowIdentifier":"27153080-2b72-4260-a8b0-61152e521006","Name":"DynamicInjectionInstancePlaceholder","Value":""},{"ParentStepIdentifier":"7f676f95-1eeb-4ec7-80ee-24d61cccfaad","ParentWorkflowIdentifier":"27153080-2b72-4260-a8b0-61152e521006","Name":"FallbackIntegrationInstance","Value":"da55c3fd-7183-4f56-b1a0-d105345059ec"},{"ParentStepIdentifier":"7f676f95-1eeb-4ec7-80ee-24d61cccfaad","ParentWorkflowIdentifier":"27153080-2b72-4260-a8b0-61152e521006","Name":"FetchInstanceByName","Value":"false"},{"ParentStepIdentifier":"7f676f95-1eeb-4ec7-80ee-24d61cccfaad","ParentWorkflowIdentifier":"27153080-2b72-4260-a8b0-61152e521006","Name":"HasApprovalLink","Value":null},{"ParentStepIdentifier":"7f676f95-1eeb-4ec7-80ee-24d61cccfaad","ParentWorkflowIdentifier":"27153080-2b72-4260-a8b0-61152e521006","Name":"IntegrationInstance","Value":"AutomaticEnvironment"},{"ParentStepIdentifier":"7f676f95-1eeb-4ec7-80ee-24d61cccfaad","ParentWorkflowIdentifier":"27153080-2b72-4260-a8b0-61152e521006","Name":"MessageToAssignee","Value":null},{"ParentStepIdentifier":"7f676f95-1eeb-4ec7-80ee-24d61cccfaad","ParentWorkflowIdentifier":"27153080-2b72-4260-a8b0-61152e521006","Name":"PendingActionTimeout","Value":null},{"ParentStepIdentifier":"7f676f95-1eeb-4ec7-80ee-24d61cccfaad","ParentWorkflowIdentifier":"27153080-2b72-4260-a8b0-61152e521006","Name":"RetryConfiguration","Value":"{\"Enabled\":false,\"IntervalInSeconds\":30,\"NumberOfRetries\":1}"},{"ParentStepIdentifier":"7f676f95-1eeb-4ec7-80ee-24d61cccfaad","ParentWorkflowIdentifier":"27153080-2b72-4260-a8b0-61152e521006","Name":"ScriptName","Value":"Siemplify_Case Comment"},{"ParentStepIdentifier":"7f676f95-1eeb-4ec7-80ee-24d61cccfaad","ParentWorkflowIdentifier":"27153080-2b72-4260-a8b0-61152e521006","Name":"ScriptParametersEntityFields","Value":"{\"Comment\":\"Indicator `[Indicator Input Block-Unblock_1.Create JSON.JsonResult|\\\"root.indicator\\\"]` is blocked.\"}"},{"ParentStepIdentifier":"7f676f95-1eeb-4ec7-80ee-24d61cccfaad","ParentWorkflowIdentifier":"27153080-2b72-4260-a8b0-61152e521006","Name":"SelectedScopeName","Value":"All entities"},{"ParentStepIdentifier":"7f676f95-1eeb-4ec7-80ee-24d61cccfaad","ParentWorkflowIdentifier":"27153080-2b72-4260-a8b0-61152e521006","Name":"UseEntitiesLoopScope","Value":null}],"AutoSkipOnFailure":false,"IsDebugMockData":false,"StepDebugData":null,"ParentStepContainerId":null,"IsTouchedByAi":false,"StartLoopStepIdentifier":null,"ParallelActions":[]},{"Identifier":"84aa4bfb-6a1c-4a43-90f1-fdf0b5f12bf8","OriginalStepIdentifier":"b149a96e-3847-464d-a7fb-eb255ad61768","ParentWorkflowIdentifier":"27153080-2b72-4260-a8b0-61152e521006","ParentStepIdentifiers":["25e0cd5b-47a8-4c2a-8951-27719fb4806a"],"ParentStepIdentifier":"25e0cd5b-47a8-4c2a-8951-27719fb4806a","PreviousResultCondition":"{\n  \"25e0cd5b-47a8-4c2a-8951-27719fb4806a\": \"3\"\n}","InstanceName":"Check IP Type","IsAutomatic":true,"Name":"Condition","IsSkippable":false,"Description":"Check IP Type","ActionProvider":"Flow","ActionName":"IfFlowCondition","Type":4,"Integration":"Flow","Parameters":[{"ParentStepIdentifier":"84aa4bfb-6a1c-4a43-90f1-fdf0b5f12bf8","ParentWorkflowIdentifier":"27153080-2b72-4260-a8b0-61152e521006","Name":"AssignedUsers","Value":null},{"ParentStepIdentifier":"84aa4bfb-6a1c-4a43-90f1-fdf0b5f12bf8","ParentWorkflowIdentifier":"27153080-2b72-4260-a8b0-61152e521006","Name":"Branches","Value":"[{\"LogicalOperator\":1,\"Conditions\":[{\"Operator\":0,\"FieldName\":\"[Validate and Search Indicator.Detect IP Type.JsonResult| \\\"IPType\\\" | first(1)]\",\"Type\":7,\"Value\":\"IPV4\"},{\"Operator\":0,\"FieldName\":\"[Validate and Search Indicator.Detect IP Type.JsonResult| \\\"IPType\\\" | first(1)]\\n\",\"Type\":7,\"Value\":\"IPV6\"}],\"Order\":1,\"IsDefaultBranch\":false,\"Name\":\"Branch\"},{\"LogicalOperator\":0,\"Conditions\":[],\"Order\":2,\"IsDefaultBranch\":true,\"Name\":\"Branch\"}]"},{"ParentStepIdentifier":"84aa4bfb-6a1c-4a43-90f1-fdf0b5f12bf8","ParentWorkflowIdentifier":"27153080-2b72-4260-a8b0-61152e521006","Name":"ErrorFallbackBranch","Value":null},{"ParentStepIdentifier":"84aa4bfb-6a1c-4a43-90f1-fdf0b5f12bf8","ParentWorkflowIdentifier":"27153080-2b72-4260-a8b0-61152e521006","Name":"HasApprovalLink","Value":null},{"ParentStepIdentifier":"84aa4bfb-6a1c-4a43-90f1-fdf0b5f12bf8","ParentWorkflowIdentifier":"27153080-2b72-4260-a8b0-61152e521006","Name":"MessageToAssignee","Value":null},{"ParentStepIdentifier":"84aa4bfb-6a1c-4a43-90f1-fdf0b5f12bf8","ParentWorkflowIdentifier":"27153080-2b72-4260-a8b0-61152e521006","Name":"PendingActionTimeout","Value":null},{"ParentStepIdentifier":"84aa4bfb-6a1c-4a43-90f1-fdf0b5f12bf8","ParentWorkflowIdentifier":"27153080-2b72-4260-a8b0-61152e521006","Name":"SelectedScopeName","Value":"All entities"},{"ParentStepIdentifier":"84aa4bfb-6a1c-4a43-90f1-fdf0b5f12bf8","ParentWorkflowIdentifier":"27153080-2b72-4260-a8b0-61152e521006","Name":"UseEntitiesLoopScope","Value":"true"}],"AutoSkipOnFailure":false,"IsDebugMockData":false,"StepDebugData":null,"ParentStepContainerId":null,"IsTouchedByAi":false,"StartLoopStepIdentifier":null,"ParallelActions":[]},{"Identifier":"863408cc-fbca-4237-b01d-1ebca305deb9","OriginalStepIdentifier":"5b7efe94-b33e-4d73-9792-da3e54b56526","ParentWorkflowIdentifier":"27153080-2b72-4260-a8b0-61152e521006","ParentStepIdentifiers":["23fda44e-a4d9-4d80-92ee-8e897a8c5ffe"],"ParentStepIdentifier":"23fda44e-a4d9-4d80-92ee-8e897a8c5ffe","PreviousResultCondition":"{}","InstanceName":"Blocked domain","IsAutomatic":true,"Name":"Siemplify_Case Comment","IsSkippable":false,"Description":"Indicator Domain blocked.","ActionProvider":"Scripts","ActionName":"Siemplify_Case Comment","Type":0,"Integration":"Siemplify","Parameters":[{"ParentStepIdentifier":"863408cc-fbca-4237-b01d-1ebca305deb9","ParentWorkflowIdentifier":"27153080-2b72-4260-a8b0-61152e521006","Name":"AssignedUsers","Value":null},{"ParentStepIdentifier":"863408cc-fbca-4237-b01d-1ebca305deb9","ParentWorkflowIdentifier":"27153080-2b72-4260-a8b0-61152e521006","Name":"DynamicInjectionInstancePlaceholder","Value":""},{"ParentStepIdentifier":"863408cc-fbca-4237-b01d-1ebca305deb9","ParentWorkflowIdentifier":"27153080-2b72-4260-a8b0-61152e521006","Name":"FallbackIntegrationInstance","Value":"da55c3fd-7183-4f56-b1a0-d105345059ec"},{"ParentStepIdentifier":"863408cc-fbca-4237-b01d-1ebca305deb9","ParentWorkflowIdentifier":"27153080-2b72-4260-a8b0-61152e521006","Name":"FetchInstanceByName","Value":"false"},{"ParentStepIdentifier":"863408cc-fbca-4237-b01d-1ebca305deb9","ParentWorkflowIdentifier":"27153080-2b72-4260-a8b0-61152e521006","Name":"HasApprovalLink","Value":null},{"ParentStepIdentifier":"863408cc-fbca-4237-b01d-1ebca305deb9","ParentWorkflowIdentifier":"27153080-2b72-4260-a8b0-61152e521006","Name":"IntegrationInstance","Value":"AutomaticEnvironment"},{"ParentStepIdentifier":"863408cc-fbca-4237-b01d-1ebca305deb9","ParentWorkflowIdentifier":"27153080-2b72-4260-a8b0-61152e521006","Name":"MessageToAssignee","Value":null},{"ParentStepIdentifier":"863408cc-fbca-4237-b01d-1ebca305deb9","ParentWorkflowIdentifier":"27153080-2b72-4260-a8b0-61152e521006","Name":"PendingActionTimeout","Value":null},{"ParentStepIdentifier":"863408cc-fbca-4237-b01d-1ebca305deb9","ParentWorkflowIdentifier":"27153080-2b72-4260-a8b0-61152e521006","Name":"RetryConfiguration","Value":"{\"Enabled\":false,\"IntervalInSeconds\":30,\"NumberOfRetries\":1}"},{"ParentStepIdentifier":"863408cc-fbca-4237-b01d-1ebca305deb9","ParentWorkflowIdentifier":"27153080-2b72-4260-a8b0-61152e521006","Name":"ScriptName","Value":"Siemplify_Case Comment"},{"ParentStepIdentifier":"863408cc-fbca-4237-b01d-1ebca305deb9","ParentWorkflowIdentifier":"27153080-2b72-4260-a8b0-61152e521006","Name":"ScriptParametersEntityFields","Value":"{\"Comment\":\"Indicator `[Indicator Input Block-Unblock_1.Create JSON.JsonResult|\\\"root.indicator\\\"]` is blocked.\"}"},{"ParentStepIdentifier":"863408cc-fbca-4237-b01d-1ebca305deb9","ParentWorkflowIdentifier":"27153080-2b72-4260-a8b0-61152e521006","Name":"SelectedScopeName","Value":"All entities"},{"ParentStepIdentifier":"863408cc-fbca-4237-b01d-1ebca305deb9","ParentWorkflowIdentifier":"27153080-2b72-4260-a8b0-61152e521006","Name":"UseEntitiesLoopScope","Value":null}],"AutoSkipOnFailure":false,"IsDebugMockData":false,"StepDebugData":null,"ParentStepContainerId":null,"IsTouchedByAi":false,"StartLoopStepIdentifier":null,"ParallelActions":[]},{"Identifier":"9abf2839-91ef-443d-b2f4-5ee7027eca55","OriginalStepIdentifier":"055f4f48-2227-4378-a9bb-e09655c85389","ParentWorkflowIdentifier":"27153080-2b72-4260-a8b0-61152e521006","ParentStepIdentifiers":["84aa4bfb-6a1c-4a43-90f1-fdf0b5f12bf8"],"ParentStepIdentifier":"84aa4bfb-6a1c-4a43-90f1-fdf0b5f12bf8","PreviousResultCondition":"{\n  \"84aa4bfb-6a1c-4a43-90f1-fdf0b5f12bf8\": \"1\"\n}","InstanceName":"Create RPZ Rule IPAddress","IsAutomatic":true,"Name":"InfobloxNIOS_Create RPZ CNAME Rule","IsSkippable":false,"Description":"Adds a CNAME rule to an existing RPZ to override DNS behavior. ","ActionProvider":"Scripts","ActionName":"InfobloxNIOS_Create RPZ CNAME Rule","Type":0,"Integration":"InfobloxNIOS","Parameters":[{"ParentStepIdentifier":"9abf2839-91ef-443d-b2f4-5ee7027eca55","ParentWorkflowIdentifier":"27153080-2b72-4260-a8b0-61152e521006","Name":"AssignedUsers","Value":null},{"ParentStepIdentifier":"9abf2839-91ef-443d-b2f4-5ee7027eca55","ParentWorkflowIdentifier":"27153080-2b72-4260-a8b0-61152e521006","Name":"DynamicInjectionInstancePlaceholder","Value":""},{"ParentStepIdentifier":"9abf2839-91ef-443d-b2f4-5ee7027eca55","ParentWorkflowIdentifier":"27153080-2b72-4260-a8b0-61152e521006","Name":"FallbackIntegrationInstance","Value":null},{"ParentStepIdentifier":"9abf2839-91ef-443d-b2f4-5ee7027eca55","ParentWorkflowIdentifier":"27153080-2b72-4260-a8b0-61152e521006","Name":"FetchInstanceByName","Value":"false"},{"ParentStepIdentifier":"9abf2839-91ef-443d-b2f4-5ee7027eca55","ParentWorkflowIdentifier":"27153080-2b72-4260-a8b0-61152e521006","Name":"HasApprovalLink","Value":null},{"ParentStepIdentifier":"9abf2839-91ef-443d-b2f4-5ee7027eca55","ParentWorkflowIdentifier":"27153080-2b72-4260-a8b0-61152e521006","Name":"IntegrationInstance","Value":"4000ecbe-cf93-4199-9a40-088367070539"},{"ParentStepIdentifier":"9abf2839-91ef-443d-b2f4-5ee7027eca55","ParentWorkflowIdentifier":"27153080-2b72-4260-a8b0-61152e521006","Name":"MessageToAssignee","Value":null},{"ParentStepIdentifier":"9abf2839-91ef-443d-b2f4-5ee7027eca55","ParentWorkflowIdentifier":"27153080-2b72-4260-a8b0-61152e521006","Name":"PendingActionTimeout","Value":null},{"ParentStepIdentifier":"9abf2839-91ef-443d-b2f4-5ee7027eca55","ParentWorkflowIdentifier":"27153080-2b72-4260-a8b0-61152e521006","Name":"RetryConfiguration","Value":"{\"Enabled\":false,\"IntervalInSeconds\":30,\"NumberOfRetries\":1}"},{"ParentStepIdentifier":"9abf2839-91ef-443d-b2f4-5ee7027eca55","ParentWorkflowIdentifier":"27153080-2b72-4260-a8b0-61152e521006","Name":"ScriptName","Value":"InfobloxNIOS_Create RPZ CNAME Rule"},{"ParentStepIdentifier":"9abf2839-91ef-443d-b2f4-5ee7027eca55","ParentWorkflowIdentifier":"27153080-2b72-4260-a8b0-61152e521006","Name":"ScriptParametersEntityFields","Value":"{\"Substitute Name\":\"\",\"Rule Type\":\"Block (No such domain)\",\"Object Type\":\"IP Address\",\"Name\":\"[Indicator Input Block-Unblock_1.Create JSON.JsonResult | \\\"root.indicator\\\"].[Indicator Input Block-Unblock_1.Create JSON.JsonResult | \\\"root.rpzone\\\"]\",\"RP Zone\":\"[Indicator Input Block-Unblock_1.Create JSON.JsonResult | \\\"root.rpzone\\\"]\",\"Comment\":\"\",\"View\":\"default\",\"Additional Parameters\":\"\"}"},{"ParentStepIdentifier":"9abf2839-91ef-443d-b2f4-5ee7027eca55","ParentWorkflowIdentifier":"27153080-2b72-4260-a8b0-61152e521006","Name":"SelectedScopeName","Value":"All entities"},{"ParentStepIdentifier":"9abf2839-91ef-443d-b2f4-5ee7027eca55","ParentWorkflowIdentifier":"27153080-2b72-4260-a8b0-61152e521006","Name":"UseEntitiesLoopScope","Value":null}],"AutoSkipOnFailure":false,"IsDebugMockData":false,"StepDebugData":null,"ParentStepContainerId":null,"IsTouchedByAi":false,"StartLoopStepIdentifier":null,"ParallelActions":[]},{"Identifier":"aa9af48a-c73c-4e39-8e86-cee6c4a2224c","OriginalStepIdentifier":"a7a9235f-eea9-4f33-9dea-76def54837d7","ParentWorkflowIdentifier":"27153080-2b72-4260-a8b0-61152e521006","ParentStepIdentifiers":["f73f6f0c-ac58-4aa6-8dbe-08c81d9aa3ba"],"ParentStepIdentifier":"f73f6f0c-ac58-4aa6-8dbe-08c81d9aa3ba","PreviousResultCondition":"{\n  \"f73f6f0c-ac58-4aa6-8dbe-08c81d9aa3ba\": \"2\"\n}","InstanceName":"Update RPZ Rule for IPAddress","IsAutomatic":true,"Name":"InfobloxNIOS_Update RPZ CNAME Rule","IsSkippable":false,"Description":"Updates an existing rule in RPZ CNAME to modify DNS behavior. ","ActionProvider":"Scripts","ActionName":"InfobloxNIOS_Update RPZ CNAME Rule","Type":0,"Integration":"InfobloxNIOS","Parameters":[{"ParentStepIdentifier":"aa9af48a-c73c-4e39-8e86-cee6c4a2224c","ParentWorkflowIdentifier":"27153080-2b72-4260-a8b0-61152e521006","Name":"AssignedUsers","Value":null},{"ParentStepIdentifier":"aa9af48a-c73c-4e39-8e86-cee6c4a2224c","ParentWorkflowIdentifier":"27153080-2b72-4260-a8b0-61152e521006","Name":"DynamicInjectionInstancePlaceholder","Value":""},{"ParentStepIdentifier":"aa9af48a-c73c-4e39-8e86-cee6c4a2224c","ParentWorkflowIdentifier":"27153080-2b72-4260-a8b0-61152e521006","Name":"FallbackIntegrationInstance","Value":"4000ecbe-cf93-4199-9a40-088367070539"},{"ParentStepIdentifier":"aa9af48a-c73c-4e39-8e86-cee6c4a2224c","ParentWorkflowIdentifier":"27153080-2b72-4260-a8b0-61152e521006","Name":"FetchInstanceByName","Value":"false"},{"ParentStepIdentifier":"aa9af48a-c73c-4e39-8e86-cee6c4a2224c","ParentWorkflowIdentifier":"27153080-2b72-4260-a8b0-61152e521006","Name":"HasApprovalLink","Value":null},{"ParentStepIdentifier":"aa9af48a-c73c-4e39-8e86-cee6c4a2224c","ParentWorkflowIdentifier":"27153080-2b72-4260-a8b0-61152e521006","Name":"IntegrationInstance","Value":"AutomaticEnvironment"},{"ParentStepIdentifier":"aa9af48a-c73c-4e39-8e86-cee6c4a2224c","ParentWorkflowIdentifier":"27153080-2b72-4260-a8b0-61152e521006","Name":"MessageToAssignee","Value":null},{"ParentStepIdentifier":"aa9af48a-c73c-4e39-8e86-cee6c4a2224c","ParentWorkflowIdentifier":"27153080-2b72-4260-a8b0-61152e521006","Name":"PendingActionTimeout","Value":null},{"ParentStepIdentifier":"aa9af48a-c73c-4e39-8e86-cee6c4a2224c","ParentWorkflowIdentifier":"27153080-2b72-4260-a8b0-61152e521006","Name":"RetryConfiguration","Value":"{\"Enabled\":false,\"IntervalInSeconds\":30,\"NumberOfRetries\":1}"},{"ParentStepIdentifier":"aa9af48a-c73c-4e39-8e86-cee6c4a2224c","ParentWorkflowIdentifier":"27153080-2b72-4260-a8b0-61152e521006","Name":"ScriptName","Value":"InfobloxNIOS_Update RPZ CNAME Rule"},{"ParentStepIdentifier":"aa9af48a-c73c-4e39-8e86-cee6c4a2224c","ParentWorkflowIdentifier":"27153080-2b72-4260-a8b0-61152e521006","Name":"ScriptParametersEntityFields","Value":"{\"Reference ID\":\"[Validate and Search Indicator.Search RPZ Rule IPAddress.JsonResult| \\\"_ref\\\"]\\n\",\"Rule Type\":\"Block (No such Domain)\",\"Name\":\"[Indicator Input Block-Unblock_1.Create JSON.JsonResult| \\\"root.indicator\\\"]\",\"RP Zone\":\"[Indicator Input Block-Unblock_1.Create JSON.JsonResult| \\\"root.rpzone\\\"]\",\"Comment\":\"\",\"Substitute Name\":\"\",\"View\":\"default\",\"Additional Parameters\":\"\"}"},{"ParentStepIdentifier":"aa9af48a-c73c-4e39-8e86-cee6c4a2224c","ParentWorkflowIdentifier":"27153080-2b72-4260-a8b0-61152e521006","Name":"SelectedScopeName","Value":"All entities"},{"ParentStepIdentifier":"aa9af48a-c73c-4e39-8e86-cee6c4a2224c","ParentWorkflowIdentifier":"27153080-2b72-4260-a8b0-61152e521006","Name":"UseEntitiesLoopScope","Value":null}],"AutoSkipOnFailure":false,"IsDebugMockData":false,"StepDebugData":null,"ParentStepContainerId":null,"IsTouchedByAi":false,"StartLoopStepIdentifier":null,"ParallelActions":[]},{"Identifier":"b342de46-2064-4c8e-8971-3a286ef68442","OriginalStepIdentifier":"e9c4fa44-58db-4ad5-b878-6b7943186c9a","ParentWorkflowIdentifier":"27153080-2b72-4260-a8b0-61152e521006","ParentStepIdentifiers":["aa9af48a-c73c-4e39-8e86-cee6c4a2224c"],"ParentStepIdentifier":"aa9af48a-c73c-4e39-8e86-cee6c4a2224c","PreviousResultCondition":"{}","InstanceName":"Indicator Blocked IP","IsAutomatic":true,"Name":"Siemplify_Case Comment","IsSkippable":false,"Description":"Indicator IP blocked","ActionProvider":"Scripts","ActionName":"Siemplify_Case Comment","Type":0,"Integration":"Siemplify","Parameters":[{"ParentStepIdentifier":"b342de46-2064-4c8e-8971-3a286ef68442","ParentWorkflowIdentifier":"27153080-2b72-4260-a8b0-61152e521006","Name":"AssignedUsers","Value":null},{"ParentStepIdentifier":"b342de46-2064-4c8e-8971-3a286ef68442","ParentWorkflowIdentifier":"27153080-2b72-4260-a8b0-61152e521006","Name":"DynamicInjectionInstancePlaceholder","Value":""},{"ParentStepIdentifier":"b342de46-2064-4c8e-8971-3a286ef68442","ParentWorkflowIdentifier":"27153080-2b72-4260-a8b0-61152e521006","Name":"FallbackIntegrationInstance","Value":"da55c3fd-7183-4f56-b1a0-d105345059ec"},{"ParentStepIdentifier":"b342de46-2064-4c8e-8971-3a286ef68442","ParentWorkflowIdentifier":"27153080-2b72-4260-a8b0-61152e521006","Name":"FetchInstanceByName","Value":"false"},{"ParentStepIdentifier":"b342de46-2064-4c8e-8971-3a286ef68442","ParentWorkflowIdentifier":"27153080-2b72-4260-a8b0-61152e521006","Name":"HasApprovalLink","Value":null},{"ParentStepIdentifier":"b342de46-2064-4c8e-8971-3a286ef68442","ParentWorkflowIdentifier":"27153080-2b72-4260-a8b0-61152e521006","Name":"IntegrationInstance","Value":"AutomaticEnvironment"},{"ParentStepIdentifier":"b342de46-2064-4c8e-8971-3a286ef68442","ParentWorkflowIdentifier":"27153080-2b72-4260-a8b0-61152e521006","Name":"MessageToAssignee","Value":null},{"ParentStepIdentifier":"b342de46-2064-4c8e-8971-3a286ef68442","ParentWorkflowIdentifier":"27153080-2b72-4260-a8b0-61152e521006","Name":"PendingActionTimeout","Value":null},{"ParentStepIdentifier":"b342de46-2064-4c8e-8971-3a286ef68442","ParentWorkflowIdentifier":"27153080-2b72-4260-a8b0-61152e521006","Name":"RetryConfiguration","Value":"{\"Enabled\":false,\"IntervalInSeconds\":30,\"NumberOfRetries\":1}"},{"ParentStepIdentifier":"b342de46-2064-4c8e-8971-3a286ef68442","ParentWorkflowIdentifier":"27153080-2b72-4260-a8b0-61152e521006","Name":"ScriptName","Value":"Siemplify_Case Comment"},{"ParentStepIdentifier":"b342de46-2064-4c8e-8971-3a286ef68442","ParentWorkflowIdentifier":"27153080-2b72-4260-a8b0-61152e521006","Name":"ScriptParametersEntityFields","Value":"{\"Comment\":\"Indicator `[Indicator Input Block-Unblock_1.Create JSON.JsonResult|\\\"root.indicator\\\"]` is blocked.\"}"},{"ParentStepIdentifier":"b342de46-2064-4c8e-8971-3a286ef68442","ParentWorkflowIdentifier":"27153080-2b72-4260-a8b0-61152e521006","Name":"SelectedScopeName","Value":"All entities"},{"ParentStepIdentifier":"b342de46-2064-4c8e-8971-3a286ef68442","ParentWorkflowIdentifier":"27153080-2b72-4260-a8b0-61152e521006","Name":"UseEntitiesLoopScope","Value":null}],"AutoSkipOnFailure":false,"IsDebugMockData":false,"StepDebugData":null,"ParentStepContainerId":null,"IsTouchedByAi":false,"StartLoopStepIdentifier":null,"ParallelActions":[]},{"Identifier":"d01b0821-b13a-43dc-bdf4-fc546d8f44c1","OriginalStepIdentifier":"9381588d-c75a-43c4-a831-f5432384ec60","ParentWorkflowIdentifier":"27153080-2b72-4260-a8b0-61152e521006","ParentStepIdentifiers":["14bf4aa7-eedb-4c35-a316-2dc829ea64fd"],"ParentStepIdentifier":"14bf4aa7-eedb-4c35-a316-2dc829ea64fd","PreviousResultCondition":"{}","InstanceName":"Validate and Search Indicator","IsAutomatic":true,"Name":"Validate and Search Indicator","IsSkippable":false,"Description":"Validate Indicator and search RPZ Rule exists or not.","ActionProvider":"Flow","ActionName":"NestedAction","Type":5,"Integration":"Siemplify","Parameters":[{"ParentStepIdentifier":"d01b0821-b13a-43dc-bdf4-fc546d8f44c1","ParentWorkflowIdentifier":"27153080-2b72-4260-a8b0-61152e521006","Name":"AssignedUsers","Value":null},{"ParentStepIdentifier":"d01b0821-b13a-43dc-bdf4-fc546d8f44c1","ParentWorkflowIdentifier":"27153080-2b72-4260-a8b0-61152e521006","Name":"HasApprovalLink","Value":null},{"ParentStepIdentifier":"d01b0821-b13a-43dc-bdf4-fc546d8f44c1","ParentWorkflowIdentifier":"27153080-2b72-4260-a8b0-61152e521006","Name":"MessageToAssignee","Value":null},{"ParentStepIdentifier":"d01b0821-b13a-43dc-bdf4-fc546d8f44c1","ParentWorkflowIdentifier":"27153080-2b72-4260-a8b0-61152e521006","Name":"NestedWorkflowIdentifier","Value":"5ef00cc3-b05d-4173-b368-2cd068715059"},{"ParentStepIdentifier":"d01b0821-b13a-43dc-bdf4-fc546d8f44c1","ParentWorkflowIdentifier":"27153080-2b72-4260-a8b0-61152e521006","Name":"NestedWorkflowInputs","Value":"[{\"FieldName\":\"Indicator\",\"Value\":\"[Indicator Input Block-Unblock_1.Create JSON.JsonResult | \\\"root.indicator\\\"]\"},{\"FieldName\":\"RP Zone\",\"Value\":\"[Indicator Input Block-Unblock_1.Create JSON.JsonResult | \\\"root.rpzone\\\"]\\n\"}]"},{"ParentStepIdentifier":"d01b0821-b13a-43dc-bdf4-fc546d8f44c1","ParentWorkflowIdentifier":"27153080-2b72-4260-a8b0-61152e521006","Name":"PendingActionTimeout","Value":null},{"ParentStepIdentifier":"d01b0821-b13a-43dc-bdf4-fc546d8f44c1","ParentWorkflowIdentifier":"27153080-2b72-4260-a8b0-61152e521006","Name":"UseEntitiesLoopScope","Value":"true"}],"AutoSkipOnFailure":false,"IsDebugMockData":false,"StepDebugData":null,"ParentStepContainerId":null,"IsTouchedByAi":false,"StartLoopStepIdentifier":null,"ParallelActions":[]},{"Identifier":"f73f6f0c-ac58-4aa6-8dbe-08c81d9aa3ba","OriginalStepIdentifier":"e04d292d-4f26-4bed-a7d1-f92d9cdbb2b0","ParentWorkflowIdentifier":"27153080-2b72-4260-a8b0-61152e521006","ParentStepIdentifiers":["25e0cd5b-47a8-4c2a-8951-27719fb4806a"],"ParentStepIdentifier":"25e0cd5b-47a8-4c2a-8951-27719fb4806a","PreviousResultCondition":"{\n  \"25e0cd5b-47a8-4c2a-8951-27719fb4806a\": \"1\"\n}","InstanceName":"If canonical=\"\" for IPAddress","IsAutomatic":true,"Name":"Condition","IsSkippable":false,"Description":"Check if indicator is already blocked.","ActionProvider":"Flow","ActionName":"IfFlowCondition","Type":4,"Integration":"Flow","Parameters":[{"ParentStepIdentifier":"f73f6f0c-ac58-4aa6-8dbe-08c81d9aa3ba","ParentWorkflowIdentifier":"27153080-2b72-4260-a8b0-61152e521006","Name":"AssignedUsers","Value":null},{"ParentStepIdentifier":"f73f6f0c-ac58-4aa6-8dbe-08c81d9aa3ba","ParentWorkflowIdentifier":"27153080-2b72-4260-a8b0-61152e521006","Name":"Branches","Value":"[{\"LogicalOperator\":0,\"Conditions\":[{\"Operator\":7,\"FieldName\":\"[Validate and Search Indicator.Search RPZ Rule IPAddress.JsonResult| \\\"canonical\\\"]\",\"Type\":7,\"Value\":\"\"}],\"Order\":1,\"IsDefaultBranch\":false,\"Name\":\"Branch\"},{\"LogicalOperator\":0,\"Conditions\":[],\"Order\":2,\"IsDefaultBranch\":true,\"Name\":\"Branch\"}]"},{"ParentStepIdentifier":"f73f6f0c-ac58-4aa6-8dbe-08c81d9aa3ba","ParentWorkflowIdentifier":"27153080-2b72-4260-a8b0-61152e521006","Name":"ErrorFallbackBranch","Value":null},{"ParentStepIdentifier":"f73f6f0c-ac58-4aa6-8dbe-08c81d9aa3ba","ParentWorkflowIdentifier":"27153080-2b72-4260-a8b0-61152e521006","Name":"HasApprovalLink","Value":null},{"ParentStepIdentifier":"f73f6f0c-ac58-4aa6-8dbe-08c81d9aa3ba","ParentWorkflowIdentifier":"27153080-2b72-4260-a8b0-61152e521006","Name":"MessageToAssignee","Value":null},{"ParentStepIdentifier":"f73f6f0c-ac58-4aa6-8dbe-08c81d9aa3ba","ParentWorkflowIdentifier":"27153080-2b72-4260-a8b0-61152e521006","Name":"PendingActionTimeout","Value":null},{"ParentStepIdentifier":"f73f6f0c-ac58-4aa6-8dbe-08c81d9aa3ba","ParentWorkflowIdentifier":"27153080-2b72-4260-a8b0-61152e521006","Name":"SelectedScopeName","Value":"All entities"},{"ParentStepIdentifier":"f73f6f0c-ac58-4aa6-8dbe-08c81d9aa3ba","ParentWorkflowIdentifier":"27153080-2b72-4260-a8b0-61152e521006","Name":"UseEntitiesLoopScope","Value":"true"}],"AutoSkipOnFailure":false,"IsDebugMockData":false,"StepDebugData":null,"ParentStepContainerId":null,"IsTouchedByAi":false,"StartLoopStepIdentifier":null,"ParallelActions":[]}],"Triggers":[{"Identifier":"ca4c5241-e677-4725-a02c-67be14a5e535","IsEnabled":true,"DefinitionIdentifier":"27153080-2b72-4260-a8b0-61152e521006","Type":8,"WorkflowName":null,"LogicalOperator":0,"Conditions":[{"FieldName":"","MatchType":0,"Value":""}],"Environments":["*"]}],"OverviewTemplates":[],"Permissions":[],"Environments":["*"]}}