{"CategoryName":"InfobloxNIOS","OverviewTemplatesDetails":[{"OverviewTemplate":{"Identifier":"ef1c51ce-e2e3-406a-a994-09f20d590014","Name":"Asset Result","Creator":null,"PlaybookDefinitionIdentifier":"1f30258b-7d96-4c0b-8782-4ea14dff762d","Type":0,"AlertRuleType":null,"Roles":[],"Widgets":[{"Title":"Created Asset Data Result","Description":"","Identifier":"c2b99317-2a4c-4ceb-bb8f-8a26e38fc44c","Order":1,"TemplateIdentifier":"ef1c51ce-e2e3-406a-a994-09f20d590014","Type":2,"DataDefinitionJson":"{\n  \"dataSource\": \"[InfobloxNIOS - Create Host Record.JsonResult]\",\n  \"jsonSample\": null,\n  \"type\": 2,\n  \"widgetDefinitionScope\": 2\n}","GridColumns":1,"ActionWidgetTemplateIdentifier":null,"StepIdentifier":null,"StepIntegration":null,"BlockStepIdentifier":null,"BlockStepInstanceName":null,"PresentIfEmpty":false,"ConditionsGroup":{"Conditions":[],"LogicalOperator":0},"IntegrationName":""}]},"Roles":["Administrator","Tier1","Tier2","Tier3","SocManager","CISO"]}],"WidgetTemplates":[{"Title":"Created Asset Data Result","Description":"","Identifier":"c2b99317-2a4c-4ceb-bb8f-8a26e38fc44c","Order":1,"TemplateIdentifier":"ef1c51ce-e2e3-406a-a994-09f20d590014","Type":2,"DataDefinitionJson":"{\n  \"dataSource\": \"[InfobloxNIOS - Create Host Record.JsonResult]\",\n  \"jsonSample\": null,\n  \"type\": 2,\n  \"widgetDefinitionScope\": 2\n}","GridColumns":1,"ActionWidgetTemplateIdentifier":null,"StepIdentifier":null,"StepIntegration":null,"BlockStepIdentifier":null,"BlockStepInstanceName":null,"PresentIfEmpty":false,"ConditionsGroup":{"Conditions":[],"LogicalOperator":0},"IntegrationName":""}],"Definition":{"Identifier":"1f30258b-7d96-4c0b-8782-4ea14dff762d","IsEnable":true,"Version":0.0,"IsArchived":false,"IsAutomatic":false,"Name":"Bring Asset Data Back to Infoblox - Infoblox NIOS","Category":7,"Description":"Automate the creation of host records in Infoblox NIOS using asset data, ensuring network inventory accuracy and proper IP address management.","Priority":2,"Creator":"8c0c14e5-b213-43f3-abf0-8b570bcdda6e","VersionCreator":null,"VersionComment":null,"OriginalWorkflowIdentifier":"15777f37-571e-45b3-8e35-99522f05293d","TemplateName":null,"PlaybookType":0,"IsDebugMode":false,"DebugBaseAlertIdentifier":"DGA - SUPPOBOX_FE6FF891-E198-4A62-9D97-2A2BB9642F8D","DebugAlertIdentifier":"DGA - SUPPOBOX8A44F27C-C93A-4327-B91F-0CA7BDE6AD51","SimulationClone":false,"DefaultAccessLevel":2,"CreationSource":1,"Steps":[{"Identifier":"5c1972ea-36dc-4e97-ac8b-db4f829e4b6e","OriginalStepIdentifier":"655c7d41-dfaa-40ca-bd43-98e26d32981f","ParentWorkflowIdentifier":"1f30258b-7d96-4c0b-8782-4ea14dff762d","ParentStepIdentifiers":[],"ParentStepIdentifier":"","PreviousResultCondition":"{}","InstanceName":"InfobloxNIOS - Create Host Record","IsAutomatic":false,"Name":"InfobloxNIOS_Create Host Record","IsSkippable":false,"Description":"Adds a host record to Infoblox with associated IP addresses. When configure_for_dns is enabled, it also creates corresponding A/AAAA and PTR DNS records. Useful for IPAM and DNS inventory management.","ActionProvider":"Scripts","ActionName":"InfobloxNIOS_Create Host Record","Type":0,"Integration":"InfobloxNIOS","Parameters":[{"ParentStepIdentifier":"5c1972ea-36dc-4e97-ac8b-db4f829e4b6e","ParentWorkflowIdentifier":"1f30258b-7d96-4c0b-8782-4ea14dff762d","Name":"AssignedUsers","Value":"[\"@Administrator\"]"},{"ParentStepIdentifier":"5c1972ea-36dc-4e97-ac8b-db4f829e4b6e","ParentWorkflowIdentifier":"1f30258b-7d96-4c0b-8782-4ea14dff762d","Name":"DynamicInjectionInstancePlaceholder","Value":""},{"ParentStepIdentifier":"5c1972ea-36dc-4e97-ac8b-db4f829e4b6e","ParentWorkflowIdentifier":"1f30258b-7d96-4c0b-8782-4ea14dff762d","Name":"FallbackIntegrationInstance","Value":null},{"ParentStepIdentifier":"5c1972ea-36dc-4e97-ac8b-db4f829e4b6e","ParentWorkflowIdentifier":"1f30258b-7d96-4c0b-8782-4ea14dff762d","Name":"FetchInstanceByName","Value":"false"},{"ParentStepIdentifier":"5c1972ea-36dc-4e97-ac8b-db4f829e4b6e","ParentWorkflowIdentifier":"1f30258b-7d96-4c0b-8782-4ea14dff762d","Name":"HasApprovalLink","Value":null},{"ParentStepIdentifier":"5c1972ea-36dc-4e97-ac8b-db4f829e4b6e","ParentWorkflowIdentifier":"1f30258b-7d96-4c0b-8782-4ea14dff762d","Name":"IntegrationInstance","Value":"4000ecbe-cf93-4199-9a40-088367070539"},{"ParentStepIdentifier":"5c1972ea-36dc-4e97-ac8b-db4f829e4b6e","ParentWorkflowIdentifier":"1f30258b-7d96-4c0b-8782-4ea14dff762d","Name":"MessageToAssignee","Value":"Please enter the valid requreid inputs for creating the host in the Infoblox."},{"ParentStepIdentifier":"5c1972ea-36dc-4e97-ac8b-db4f829e4b6e","ParentWorkflowIdentifier":"1f30258b-7d96-4c0b-8782-4ea14dff762d","Name":"PendingActionTimeout","Value":null},{"ParentStepIdentifier":"5c1972ea-36dc-4e97-ac8b-db4f829e4b6e","ParentWorkflowIdentifier":"1f30258b-7d96-4c0b-8782-4ea14dff762d","Name":"RetryConfiguration","Value":"{\"Enabled\":false,\"IntervalInSeconds\":30,\"NumberOfRetries\":1}"},{"ParentStepIdentifier":"5c1972ea-36dc-4e97-ac8b-db4f829e4b6e","ParentWorkflowIdentifier":"1f30258b-7d96-4c0b-8782-4ea14dff762d","Name":"ScriptName","Value":"InfobloxNIOS_Create Host Record"},{"ParentStepIdentifier":"5c1972ea-36dc-4e97-ac8b-db4f829e4b6e","ParentWorkflowIdentifier":"1f30258b-7d96-4c0b-8782-4ea14dff762d","Name":"ScriptParametersEntityFields","Value":"{\"Name\":\"[Event.sourceHostName]\",\"IPv4 Addresses\":null,\"IPv6 Addresses\":\"\",\"View\":\"default\",\"Comment\":\"\",\"Aliases\":\"\",\"Configure for DNS\":true,\"Extended Attributes\":null,\"Additional Parameters\":\"\"}"},{"ParentStepIdentifier":"5c1972ea-36dc-4e97-ac8b-db4f829e4b6e","ParentWorkflowIdentifier":"1f30258b-7d96-4c0b-8782-4ea14dff762d","Name":"SelectedScopeName","Value":"All entities"},{"ParentStepIdentifier":"5c1972ea-36dc-4e97-ac8b-db4f829e4b6e","ParentWorkflowIdentifier":"1f30258b-7d96-4c0b-8782-4ea14dff762d","Name":"UseEntitiesLoopScope","Value":null}],"AutoSkipOnFailure":false,"IsDebugMockData":false,"StepDebugData":null,"ParentStepContainerId":null,"IsTouchedByAi":false,"StartLoopStepIdentifier":null,"ParallelActions":[]}],"Triggers":[{"Identifier":"754c54a4-5ffd-408c-9898-1bfbadb550c5","IsEnabled":true,"DefinitionIdentifier":"1f30258b-7d96-4c0b-8782-4ea14dff762d","Type":8,"WorkflowName":null,"LogicalOperator":0,"Conditions":[{"FieldName":"","MatchType":0,"Value":""}],"Environments":["Default Environment"]}],"OverviewTemplates":[{"Identifier":"ef1c51ce-e2e3-406a-a994-09f20d590014","Name":"Asset Result","Creator":null,"PlaybookDefinitionIdentifier":"1f30258b-7d96-4c0b-8782-4ea14dff762d","Type":0,"AlertRuleType":null,"Roles":[],"Widgets":[{"Title":"Created Asset Data Result","Description":"","Identifier":"c2b99317-2a4c-4ceb-bb8f-8a26e38fc44c","Order":1,"TemplateIdentifier":"ef1c51ce-e2e3-406a-a994-09f20d590014","Type":2,"DataDefinitionJson":"{\n  \"dataSource\": \"[InfobloxNIOS - Create Host Record.JsonResult]\",\n  \"jsonSample\": null,\n  \"type\": 2,\n  \"widgetDefinitionScope\": 2\n}","GridColumns":1,"ActionWidgetTemplateIdentifier":null,"StepIdentifier":null,"StepIntegration":null,"BlockStepIdentifier":null,"BlockStepInstanceName":null,"PresentIfEmpty":false,"ConditionsGroup":{"Conditions":[],"LogicalOperator":0},"IntegrationName":""}]}],"Permissions":[],"Environments":["Default Environment"]}}