{"CategoryName":"InfobloxNIOS","OverviewTemplatesDetails":[{"OverviewTemplate":{"Identifier":"31ce564c-24d3-440d-a840-04026252abd5","Name":"IP Lookup Results","Creator":null,"PlaybookDefinitionIdentifier":"f22ad4e8-866e-40d3-a802-4efb160634ce","Type":0,"AlertRuleType":null,"Roles":[],"Widgets":[{"Title":"IP Lookup Result","Description":"","Identifier":"e352080f-d03e-44ed-aaad-39d2c5126e37","Order":1,"TemplateIdentifier":"31ce564c-24d3-440d-a840-04026252abd5","Type":2,"DataDefinitionJson":"{\n  \"dataSource\": \"[InfobloxNIOS - IP Lookup.JsonResult]\",\n  \"jsonSample\": null,\n  \"type\": 2,\n  \"widgetDefinitionScope\": 2\n}","GridColumns":1,"ActionWidgetTemplateIdentifier":null,"StepIdentifier":null,"StepIntegration":null,"BlockStepIdentifier":null,"BlockStepInstanceName":null,"PresentIfEmpty":false,"ConditionsGroup":{"Conditions":[],"LogicalOperator":0},"IntegrationName":""},{"Title":"Network Result","Description":"","Identifier":"8014157c-903a-4007-9451-4ac02dcfab9b","Order":2,"TemplateIdentifier":"31ce564c-24d3-440d-a840-04026252abd5","Type":2,"DataDefinitionJson":"{\n  \"dataSource\": \"[InfobloxNIOS - Retrieves the Network Info .JsonResult]\",\n  \"jsonSample\": null,\n  \"type\": 2,\n  \"widgetDefinitionScope\": 2\n}","GridColumns":1,"ActionWidgetTemplateIdentifier":null,"StepIdentifier":null,"StepIntegration":null,"BlockStepIdentifier":null,"BlockStepInstanceName":null,"PresentIfEmpty":false,"ConditionsGroup":{"Conditions":[],"LogicalOperator":0},"IntegrationName":""}]},"Roles":["Administrator","Tier1","Tier2","Tier3","SocManager","CISO"]}],"WidgetTemplates":[{"Title":"IP Lookup Result","Description":"","Identifier":"e352080f-d03e-44ed-aaad-39d2c5126e37","Order":1,"TemplateIdentifier":"31ce564c-24d3-440d-a840-04026252abd5","Type":2,"DataDefinitionJson":"{\n  \"dataSource\": \"[InfobloxNIOS - IP Lookup.JsonResult]\",\n  \"jsonSample\": null,\n  \"type\": 2,\n  \"widgetDefinitionScope\": 2\n}","GridColumns":1,"ActionWidgetTemplateIdentifier":null,"StepIdentifier":null,"StepIntegration":null,"BlockStepIdentifier":null,"BlockStepInstanceName":null,"PresentIfEmpty":false,"ConditionsGroup":{"Conditions":[],"LogicalOperator":0},"IntegrationName":""},{"Title":"Network Result","Description":"","Identifier":"8014157c-903a-4007-9451-4ac02dcfab9b","Order":2,"TemplateIdentifier":"31ce564c-24d3-440d-a840-04026252abd5","Type":2,"DataDefinitionJson":"{\n  \"dataSource\": \"[InfobloxNIOS - Retrieves the Network Info .JsonResult]\",\n  \"jsonSample\": null,\n  \"type\": 2,\n  \"widgetDefinitionScope\": 2\n}","GridColumns":1,"ActionWidgetTemplateIdentifier":null,"StepIdentifier":null,"StepIntegration":null,"BlockStepIdentifier":null,"BlockStepInstanceName":null,"PresentIfEmpty":false,"ConditionsGroup":{"Conditions":[],"LogicalOperator":0},"IntegrationName":""}],"Definition":{"Identifier":"f22ad4e8-866e-40d3-a802-4efb160634ce","IsEnable":true,"Version":0.0,"IsArchived":false,"IsAutomatic":false,"Name":"IP Lookup - Infoblox NIOS","Category":7,"Description":"Automate the enrichment of IP addresses by leveraging Infoblox NIOS and asset information, enabling rapid and comprehensive insights for security events.","Priority":1,"Creator":"8c0c14e5-b213-43f3-abf0-8b570bcdda6e","VersionCreator":null,"VersionComment":null,"OriginalWorkflowIdentifier":"0ed0a04b-0202-482b-bcb5-004fd3b7342f","TemplateName":null,"PlaybookType":0,"IsDebugMode":false,"DebugBaseAlertIdentifier":"DGA - SUPPOBOX_FE6FF891-E198-4A62-9D97-2A2BB9642F8D","DebugAlertIdentifier":"DGA - SUPPOBOX6EF376F8-3CD1-4B8A-91E5-C90E13B4228D","SimulationClone":false,"DefaultAccessLevel":2,"CreationSource":1,"Steps":[{"Identifier":"16dd5cae-66dd-4f5e-9d4e-06af58aacbb8","OriginalStepIdentifier":"184358eb-b778-45d7-bca5-d7cbd7b45ff8","ParentWorkflowIdentifier":"f22ad4e8-866e-40d3-a802-4efb160634ce","ParentStepIdentifiers":["8050c7b4-6ce2-4429-839f-c7ad102c1936"],"ParentStepIdentifier":"8050c7b4-6ce2-4429-839f-c7ad102c1936","PreviousResultCondition":"{}","InstanceName":"InfobloxNIOS - IP Lookup","IsAutomatic":true,"Name":"InfobloxNIOS_IP Lookup","IsSkippable":false,"Description":"Returns IPAM info for a given IP. ","ActionProvider":"Scripts","ActionName":"InfobloxNIOS_IP Lookup","Type":0,"Integration":"InfobloxNIOS","Parameters":[{"ParentStepIdentifier":"16dd5cae-66dd-4f5e-9d4e-06af58aacbb8","ParentWorkflowIdentifier":"f22ad4e8-866e-40d3-a802-4efb160634ce","Name":"AssignedUsers","Value":null},{"ParentStepIdentifier":"16dd5cae-66dd-4f5e-9d4e-06af58aacbb8","ParentWorkflowIdentifier":"f22ad4e8-866e-40d3-a802-4efb160634ce","Name":"DynamicInjectionInstancePlaceholder","Value":""},{"ParentStepIdentifier":"16dd5cae-66dd-4f5e-9d4e-06af58aacbb8","ParentWorkflowIdentifier":"f22ad4e8-866e-40d3-a802-4efb160634ce","Name":"FallbackIntegrationInstance","Value":null},{"ParentStepIdentifier":"16dd5cae-66dd-4f5e-9d4e-06af58aacbb8","ParentWorkflowIdentifier":"f22ad4e8-866e-40d3-a802-4efb160634ce","Name":"FetchInstanceByName","Value":"false"},{"ParentStepIdentifier":"16dd5cae-66dd-4f5e-9d4e-06af58aacbb8","ParentWorkflowIdentifier":"f22ad4e8-866e-40d3-a802-4efb160634ce","Name":"HasApprovalLink","Value":null},{"ParentStepIdentifier":"16dd5cae-66dd-4f5e-9d4e-06af58aacbb8","ParentWorkflowIdentifier":"f22ad4e8-866e-40d3-a802-4efb160634ce","Name":"IntegrationInstance","Value":"4000ecbe-cf93-4199-9a40-088367070539"},{"ParentStepIdentifier":"16dd5cae-66dd-4f5e-9d4e-06af58aacbb8","ParentWorkflowIdentifier":"f22ad4e8-866e-40d3-a802-4efb160634ce","Name":"MessageToAssignee","Value":null},{"ParentStepIdentifier":"16dd5cae-66dd-4f5e-9d4e-06af58aacbb8","ParentWorkflowIdentifier":"f22ad4e8-866e-40d3-a802-4efb160634ce","Name":"PendingActionTimeout","Value":null},{"ParentStepIdentifier":"16dd5cae-66dd-4f5e-9d4e-06af58aacbb8","ParentWorkflowIdentifier":"f22ad4e8-866e-40d3-a802-4efb160634ce","Name":"RetryConfiguration","Value":"{\"Enabled\":false,\"IntervalInSeconds\":30,\"NumberOfRetries\":1}"},{"ParentStepIdentifier":"16dd5cae-66dd-4f5e-9d4e-06af58aacbb8","ParentWorkflowIdentifier":"f22ad4e8-866e-40d3-a802-4efb160634ce","Name":"ScriptName","Value":"InfobloxNIOS_IP Lookup"},{"ParentStepIdentifier":"16dd5cae-66dd-4f5e-9d4e-06af58aacbb8","ParentWorkflowIdentifier":"f22ad4e8-866e-40d3-a802-4efb160634ce","Name":"ScriptParametersEntityFields","Value":"{\"Limit\":\"100\",\"IP Address\":\"[IP Input.ReturnValue]\",\"Network\":\"\",\"From IP\":\"\",\"To IP\":\"\",\"Status\":\"All\",\"Extended Attributes\":\"\"}"},{"ParentStepIdentifier":"16dd5cae-66dd-4f5e-9d4e-06af58aacbb8","ParentWorkflowIdentifier":"f22ad4e8-866e-40d3-a802-4efb160634ce","Name":"SelectedScopeName","Value":"All entities"},{"ParentStepIdentifier":"16dd5cae-66dd-4f5e-9d4e-06af58aacbb8","ParentWorkflowIdentifier":"f22ad4e8-866e-40d3-a802-4efb160634ce","Name":"UseEntitiesLoopScope","Value":null}],"AutoSkipOnFailure":false,"IsDebugMockData":false,"StepDebugData":null,"ParentStepContainerId":null,"IsTouchedByAi":false,"StartLoopStepIdentifier":null,"ParallelActions":[]},{"Identifier":"8050c7b4-6ce2-4429-839f-c7ad102c1936","OriginalStepIdentifier":"a1dbc0bb-1d56-4885-a8aa-6dbdbe4ae85e","ParentWorkflowIdentifier":"f22ad4e8-866e-40d3-a802-4efb160634ce","ParentStepIdentifiers":[],"ParentStepIdentifier":"","PreviousResultCondition":"{}","InstanceName":"IP Input","IsAutomatic":false,"Name":"Indicator Input","IsSkippable":false,"Description":"Add Indicator Input","ActionProvider":"Flow","ActionName":"NestedAction","Type":5,"Integration":"Siemplify","Parameters":[{"ParentStepIdentifier":"8050c7b4-6ce2-4429-839f-c7ad102c1936","ParentWorkflowIdentifier":"f22ad4e8-866e-40d3-a802-4efb160634ce","Name":"AssignedUsers","Value":"[\"@Administrator\"]"},{"ParentStepIdentifier":"8050c7b4-6ce2-4429-839f-c7ad102c1936","ParentWorkflowIdentifier":"f22ad4e8-866e-40d3-a802-4efb160634ce","Name":"HasApprovalLink","Value":null},{"ParentStepIdentifier":"8050c7b4-6ce2-4429-839f-c7ad102c1936","ParentWorkflowIdentifier":"f22ad4e8-866e-40d3-a802-4efb160634ce","Name":"MessageToAssignee","Value":"Please enter a valid IP Address for IP Lookup"},{"ParentStepIdentifier":"8050c7b4-6ce2-4429-839f-c7ad102c1936","ParentWorkflowIdentifier":"f22ad4e8-866e-40d3-a802-4efb160634ce","Name":"NestedWorkflowIdentifier","Value":"82ba896d-4158-436d-a213-127886c4a09a"},{"ParentStepIdentifier":"8050c7b4-6ce2-4429-839f-c7ad102c1936","ParentWorkflowIdentifier":"f22ad4e8-866e-40d3-a802-4efb160634ce","Name":"NestedWorkflowInputs","Value":"[{\"FieldName\":\"Indicator\",\"MatchType\":0,\"Value\":null}]"},{"ParentStepIdentifier":"8050c7b4-6ce2-4429-839f-c7ad102c1936","ParentWorkflowIdentifier":"f22ad4e8-866e-40d3-a802-4efb160634ce","Name":"PendingActionTimeout","Value":null},{"ParentStepIdentifier":"8050c7b4-6ce2-4429-839f-c7ad102c1936","ParentWorkflowIdentifier":"f22ad4e8-866e-40d3-a802-4efb160634ce","Name":"UseEntitiesLoopScope","Value":"true"}],"AutoSkipOnFailure":false,"IsDebugMockData":false,"StepDebugData":null,"ParentStepContainerId":null,"IsTouchedByAi":false,"StartLoopStepIdentifier":null,"ParallelActions":[]},{"Identifier":"9e6ac438-f71c-40ef-b5ce-b041cfbf9be8","OriginalStepIdentifier":"30f096a9-3e8d-4c14-ad92-c7fbcc424eca","ParentWorkflowIdentifier":"f22ad4e8-866e-40d3-a802-4efb160634ce","ParentStepIdentifiers":["16dd5cae-66dd-4f5e-9d4e-06af58aacbb8"],"ParentStepIdentifier":"16dd5cae-66dd-4f5e-9d4e-06af58aacbb8","PreviousResultCondition":"{}","InstanceName":"InfobloxNIOS - Retrieves the Network Info ","IsAutomatic":true,"Name":"InfobloxNIOS_List Network Info","IsSkippable":false,"Description":"Retrieves the network infomation of the input given IP Address.","ActionProvider":"Scripts","ActionName":"InfobloxNIOS_List Network Info","Type":0,"Integration":"InfobloxNIOS","Parameters":[{"ParentStepIdentifier":"9e6ac438-f71c-40ef-b5ce-b041cfbf9be8","ParentWorkflowIdentifier":"f22ad4e8-866e-40d3-a802-4efb160634ce","Name":"AssignedUsers","Value":null},{"ParentStepIdentifier":"9e6ac438-f71c-40ef-b5ce-b041cfbf9be8","ParentWorkflowIdentifier":"f22ad4e8-866e-40d3-a802-4efb160634ce","Name":"DynamicInjectionInstancePlaceholder","Value":""},{"ParentStepIdentifier":"9e6ac438-f71c-40ef-b5ce-b041cfbf9be8","ParentWorkflowIdentifier":"f22ad4e8-866e-40d3-a802-4efb160634ce","Name":"FallbackIntegrationInstance","Value":null},{"ParentStepIdentifier":"9e6ac438-f71c-40ef-b5ce-b041cfbf9be8","ParentWorkflowIdentifier":"f22ad4e8-866e-40d3-a802-4efb160634ce","Name":"FetchInstanceByName","Value":"false"},{"ParentStepIdentifier":"9e6ac438-f71c-40ef-b5ce-b041cfbf9be8","ParentWorkflowIdentifier":"f22ad4e8-866e-40d3-a802-4efb160634ce","Name":"HasApprovalLink","Value":null},{"ParentStepIdentifier":"9e6ac438-f71c-40ef-b5ce-b041cfbf9be8","ParentWorkflowIdentifier":"f22ad4e8-866e-40d3-a802-4efb160634ce","Name":"IntegrationInstance","Value":"4000ecbe-cf93-4199-9a40-088367070539"},{"ParentStepIdentifier":"9e6ac438-f71c-40ef-b5ce-b041cfbf9be8","ParentWorkflowIdentifier":"f22ad4e8-866e-40d3-a802-4efb160634ce","Name":"MessageToAssignee","Value":null},{"ParentStepIdentifier":"9e6ac438-f71c-40ef-b5ce-b041cfbf9be8","ParentWorkflowIdentifier":"f22ad4e8-866e-40d3-a802-4efb160634ce","Name":"PendingActionTimeout","Value":null},{"ParentStepIdentifier":"9e6ac438-f71c-40ef-b5ce-b041cfbf9be8","ParentWorkflowIdentifier":"f22ad4e8-866e-40d3-a802-4efb160634ce","Name":"RetryConfiguration","Value":"{\"Enabled\":false,\"IntervalInSeconds\":30,\"NumberOfRetries\":1}"},{"ParentStepIdentifier":"9e6ac438-f71c-40ef-b5ce-b041cfbf9be8","ParentWorkflowIdentifier":"f22ad4e8-866e-40d3-a802-4efb160634ce","Name":"ScriptName","Value":"InfobloxNIOS_List Network Info"},{"ParentStepIdentifier":"9e6ac438-f71c-40ef-b5ce-b041cfbf9be8","ParentWorkflowIdentifier":"f22ad4e8-866e-40d3-a802-4efb160634ce","Name":"ScriptParametersEntityFields","Value":"{\"Network\":\"[InfobloxNIOS - IP Lookup.JsonResult| \\\"network\\\" | first(1)]\",\"Limit\":\"100\",\"Extended Attributes\":\"\"}"},{"ParentStepIdentifier":"9e6ac438-f71c-40ef-b5ce-b041cfbf9be8","ParentWorkflowIdentifier":"f22ad4e8-866e-40d3-a802-4efb160634ce","Name":"SelectedScopeName","Value":"All entities"},{"ParentStepIdentifier":"9e6ac438-f71c-40ef-b5ce-b041cfbf9be8","ParentWorkflowIdentifier":"f22ad4e8-866e-40d3-a802-4efb160634ce","Name":"UseEntitiesLoopScope","Value":null}],"AutoSkipOnFailure":false,"IsDebugMockData":false,"StepDebugData":null,"ParentStepContainerId":null,"IsTouchedByAi":false,"StartLoopStepIdentifier":null,"ParallelActions":[]}],"Triggers":[{"Identifier":"f5fbb8d5-3a49-4b0d-a90e-3093a3b26914","IsEnabled":true,"DefinitionIdentifier":"f22ad4e8-866e-40d3-a802-4efb160634ce","Type":8,"WorkflowName":null,"LogicalOperator":0,"Conditions":[{"FieldName":"","MatchType":0,"Value":""}],"Environments":["Default Environment"]}],"OverviewTemplates":[{"Identifier":"31ce564c-24d3-440d-a840-04026252abd5","Name":"IP Lookup Results","Creator":null,"PlaybookDefinitionIdentifier":"f22ad4e8-866e-40d3-a802-4efb160634ce","Type":0,"AlertRuleType":null,"Roles":[],"Widgets":[{"Title":"IP Lookup Result","Description":"","Identifier":"e352080f-d03e-44ed-aaad-39d2c5126e37","Order":1,"TemplateIdentifier":"31ce564c-24d3-440d-a840-04026252abd5","Type":2,"DataDefinitionJson":"{\n  \"dataSource\": \"[InfobloxNIOS - IP Lookup.JsonResult]\",\n  \"jsonSample\": null,\n  \"type\": 2,\n  \"widgetDefinitionScope\": 2\n}","GridColumns":1,"ActionWidgetTemplateIdentifier":null,"StepIdentifier":null,"StepIntegration":null,"BlockStepIdentifier":null,"BlockStepInstanceName":null,"PresentIfEmpty":false,"ConditionsGroup":{"Conditions":[],"LogicalOperator":0},"IntegrationName":""},{"Title":"Network Result","Description":"","Identifier":"8014157c-903a-4007-9451-4ac02dcfab9b","Order":2,"TemplateIdentifier":"31ce564c-24d3-440d-a840-04026252abd5","Type":2,"DataDefinitionJson":"{\n  \"dataSource\": \"[InfobloxNIOS - Retrieves the Network Info .JsonResult]\",\n  \"jsonSample\": null,\n  \"type\": 2,\n  \"widgetDefinitionScope\": 2\n}","GridColumns":1,"ActionWidgetTemplateIdentifier":null,"StepIdentifier":null,"StepIntegration":null,"BlockStepIdentifier":null,"BlockStepInstanceName":null,"PresentIfEmpty":false,"ConditionsGroup":{"Conditions":[],"LogicalOperator":0},"IntegrationName":""}]}],"Permissions":[],"Environments":["Default Environment"]}}