{"CategoryName":"InfobloxNIOS","OverviewTemplatesDetails":[{"OverviewTemplate":{"Identifier":"6713d6c7-fd60-4c4c-bc51-7344137adb6f","Name":"MAC Lease Result","Creator":null,"PlaybookDefinitionIdentifier":"b36be5b2-b86f-4161-afa7-90eaa7de6b5f","Type":0,"AlertRuleType":null,"Roles":[],"Widgets":[{"Title":"MAC Lease Lookup Result","Description":"","Identifier":"7e4d76b7-7a3f-464e-9c49-a4b47d34a2da","Order":1,"TemplateIdentifier":"6713d6c7-fd60-4c4c-bc51-7344137adb6f","Type":2,"DataDefinitionJson":"{\n  \"dataSource\": \"[InfobloxNIOS_DHCP Lease Lookup.JsonResult]\",\n  \"jsonSample\": null,\n  \"type\": 2,\n  \"widgetDefinitionScope\": 2\n}","GridColumns":1,"ActionWidgetTemplateIdentifier":null,"StepIdentifier":null,"StepIntegration":null,"BlockStepIdentifier":null,"BlockStepInstanceName":null,"PresentIfEmpty":false,"ConditionsGroup":{"Conditions":[],"LogicalOperator":0},"IntegrationName":""},{"Title":"Host Lookup Result","Description":"","Identifier":"d484e6b6-c257-440b-890d-bdfc50421c66","Order":2,"TemplateIdentifier":"6713d6c7-fd60-4c4c-bc51-7344137adb6f","Type":2,"DataDefinitionJson":"{\n  \"dataSource\": \"[InfobloxNIOS - Retrieves Host Info.JsonResult]\",\n  \"jsonSample\": null,\n  \"type\": 2,\n  \"widgetDefinitionScope\": 2\n}","GridColumns":1,"ActionWidgetTemplateIdentifier":null,"StepIdentifier":null,"StepIntegration":null,"BlockStepIdentifier":null,"BlockStepInstanceName":null,"PresentIfEmpty":false,"ConditionsGroup":{"Conditions":[],"LogicalOperator":0},"IntegrationName":""}]},"Roles":["Administrator","Tier1","Tier2","Tier3","SocManager","CISO"]}],"WidgetTemplates":[{"Title":"MAC Lease Lookup Result","Description":"","Identifier":"7e4d76b7-7a3f-464e-9c49-a4b47d34a2da","Order":1,"TemplateIdentifier":"6713d6c7-fd60-4c4c-bc51-7344137adb6f","Type":2,"DataDefinitionJson":"{\n  \"dataSource\": \"[InfobloxNIOS_DHCP Lease Lookup.JsonResult]\",\n  \"jsonSample\": null,\n  \"type\": 2,\n  \"widgetDefinitionScope\": 2\n}","GridColumns":1,"ActionWidgetTemplateIdentifier":null,"StepIdentifier":null,"StepIntegration":null,"BlockStepIdentifier":null,"BlockStepInstanceName":null,"PresentIfEmpty":false,"ConditionsGroup":{"Conditions":[],"LogicalOperator":0},"IntegrationName":""},{"Title":"Host Lookup Result","Description":"","Identifier":"d484e6b6-c257-440b-890d-bdfc50421c66","Order":2,"TemplateIdentifier":"6713d6c7-fd60-4c4c-bc51-7344137adb6f","Type":2,"DataDefinitionJson":"{\n  \"dataSource\": \"[InfobloxNIOS - Retrieves Host Info.JsonResult]\",\n  \"jsonSample\": null,\n  \"type\": 2,\n  \"widgetDefinitionScope\": 2\n}","GridColumns":1,"ActionWidgetTemplateIdentifier":null,"StepIdentifier":null,"StepIntegration":null,"BlockStepIdentifier":null,"BlockStepInstanceName":null,"PresentIfEmpty":false,"ConditionsGroup":{"Conditions":[],"LogicalOperator":0},"IntegrationName":""}],"Definition":{"Identifier":"b36be5b2-b86f-4161-afa7-90eaa7de6b5f","IsEnable":true,"Version":1.0,"IsArchived":false,"IsAutomatic":true,"Name":"MAC Lease Lookup - Infoblox NIOS","Category":7,"Description":"Automate retrieval of MAC lease information from Infoblox, enriching the incident with network context and device assignment details.","Priority":2,"Creator":"8c0c14e5-b213-43f3-abf0-8b570bcdda6e","VersionCreator":null,"VersionComment":null,"OriginalWorkflowIdentifier":"b36be5b2-b86f-4161-afa7-90eaa7de6b5f","TemplateName":null,"PlaybookType":0,"IsDebugMode":false,"DebugBaseAlertIdentifier":"DGA - SUPPOBOX_FE6FF891-E198-4A62-9D97-2A2BB9642F8D","DebugAlertIdentifier":"DGA - SUPPOBOX116A0811-3F68-4E1A-8629-7924C1E708DB","SimulationClone":false,"DefaultAccessLevel":2,"CreationSource":1,"Steps":[{"Identifier":"50f55902-1f1f-4023-8307-c8246f1ebda1","OriginalStepIdentifier":"50f55902-1f1f-4023-8307-c8246f1ebda1","ParentWorkflowIdentifier":"b36be5b2-b86f-4161-afa7-90eaa7de6b5f","ParentStepIdentifiers":[],"ParentStepIdentifier":"","PreviousResultCondition":null,"InstanceName":"MAC Input","IsAutomatic":false,"Name":"Indicator Input","IsSkippable":false,"Description":"Add Indicator Input","ActionProvider":"Flow","ActionName":"NestedAction","Type":5,"Integration":"Siemplify","Parameters":[{"ParentStepIdentifier":"50f55902-1f1f-4023-8307-c8246f1ebda1","ParentWorkflowIdentifier":"b36be5b2-b86f-4161-afa7-90eaa7de6b5f","Name":"AssignedUsers","Value":"[\"@Administrator\"]"},{"ParentStepIdentifier":"50f55902-1f1f-4023-8307-c8246f1ebda1","ParentWorkflowIdentifier":"b36be5b2-b86f-4161-afa7-90eaa7de6b5f","Name":"HasApprovalLink","Value":null},{"ParentStepIdentifier":"50f55902-1f1f-4023-8307-c8246f1ebda1","ParentWorkflowIdentifier":"b36be5b2-b86f-4161-afa7-90eaa7de6b5f","Name":"MessageToAssignee","Value":"Please enter a valid MAC address for MAC Lease Lookup"},{"ParentStepIdentifier":"50f55902-1f1f-4023-8307-c8246f1ebda1","ParentWorkflowIdentifier":"b36be5b2-b86f-4161-afa7-90eaa7de6b5f","Name":"NestedWorkflowIdentifier","Value":"82ba896d-4158-436d-a213-127886c4a09a"},{"ParentStepIdentifier":"50f55902-1f1f-4023-8307-c8246f1ebda1","ParentWorkflowIdentifier":"b36be5b2-b86f-4161-afa7-90eaa7de6b5f","Name":"NestedWorkflowInputs","Value":"[{\"FieldName\":\"Indicator\",\"MatchType\":0,\"Value\":null}]"},{"ParentStepIdentifier":"50f55902-1f1f-4023-8307-c8246f1ebda1","ParentWorkflowIdentifier":"b36be5b2-b86f-4161-afa7-90eaa7de6b5f","Name":"PendingActionTimeout","Value":null},{"ParentStepIdentifier":"50f55902-1f1f-4023-8307-c8246f1ebda1","ParentWorkflowIdentifier":"b36be5b2-b86f-4161-afa7-90eaa7de6b5f","Name":"UseEntitiesLoopScope","Value":"true"}],"AutoSkipOnFailure":false,"IsDebugMockData":false,"StepDebugData":null,"ParentStepContainerId":null,"IsTouchedByAi":false,"StartLoopStepIdentifier":null,"ParallelActions":[]},{"Identifier":"6f987afb-c655-440d-909c-896150af7892","OriginalStepIdentifier":"6f987afb-c655-440d-909c-896150af7892","ParentWorkflowIdentifier":"b36be5b2-b86f-4161-afa7-90eaa7de6b5f","ParentStepIdentifiers":["d4919d74-3268-4ab9-9f04-86e9ec6cc8b4"],"ParentStepIdentifier":"d4919d74-3268-4ab9-9f04-86e9ec6cc8b4","PreviousResultCondition":"{}","InstanceName":"InfobloxNIOS - Retrieves Host Info","IsAutomatic":true,"Name":"InfobloxNIOS_List Host Info","IsSkippable":false,"Description":"Retrieves host records from Infoblox including hostname, associated IPv4/IPv6 addresses (A/AAAA records), PTR records, DNS view information, and any configured extensible attributes associated with the input MAC Address.","ActionProvider":"Scripts","ActionName":"InfobloxNIOS_List Host Info","Type":0,"Integration":"InfobloxNIOS","Parameters":[{"ParentStepIdentifier":"6f987afb-c655-440d-909c-896150af7892","ParentWorkflowIdentifier":"b36be5b2-b86f-4161-afa7-90eaa7de6b5f","Name":"AssignedUsers","Value":null},{"ParentStepIdentifier":"6f987afb-c655-440d-909c-896150af7892","ParentWorkflowIdentifier":"b36be5b2-b86f-4161-afa7-90eaa7de6b5f","Name":"DynamicInjectionInstancePlaceholder","Value":""},{"ParentStepIdentifier":"6f987afb-c655-440d-909c-896150af7892","ParentWorkflowIdentifier":"b36be5b2-b86f-4161-afa7-90eaa7de6b5f","Name":"FallbackIntegrationInstance","Value":null},{"ParentStepIdentifier":"6f987afb-c655-440d-909c-896150af7892","ParentWorkflowIdentifier":"b36be5b2-b86f-4161-afa7-90eaa7de6b5f","Name":"FetchInstanceByName","Value":"false"},{"ParentStepIdentifier":"6f987afb-c655-440d-909c-896150af7892","ParentWorkflowIdentifier":"b36be5b2-b86f-4161-afa7-90eaa7de6b5f","Name":"HasApprovalLink","Value":null},{"ParentStepIdentifier":"6f987afb-c655-440d-909c-896150af7892","ParentWorkflowIdentifier":"b36be5b2-b86f-4161-afa7-90eaa7de6b5f","Name":"IntegrationInstance","Value":"4000ecbe-cf93-4199-9a40-088367070539"},{"ParentStepIdentifier":"6f987afb-c655-440d-909c-896150af7892","ParentWorkflowIdentifier":"b36be5b2-b86f-4161-afa7-90eaa7de6b5f","Name":"MessageToAssignee","Value":null},{"ParentStepIdentifier":"6f987afb-c655-440d-909c-896150af7892","ParentWorkflowIdentifier":"b36be5b2-b86f-4161-afa7-90eaa7de6b5f","Name":"PendingActionTimeout","Value":null},{"ParentStepIdentifier":"6f987afb-c655-440d-909c-896150af7892","ParentWorkflowIdentifier":"b36be5b2-b86f-4161-afa7-90eaa7de6b5f","Name":"RetryConfiguration","Value":"{\"Enabled\":false,\"IntervalInSeconds\":30,\"NumberOfRetries\":1}"},{"ParentStepIdentifier":"6f987afb-c655-440d-909c-896150af7892","ParentWorkflowIdentifier":"b36be5b2-b86f-4161-afa7-90eaa7de6b5f","Name":"ScriptName","Value":"InfobloxNIOS_List Host Info"},{"ParentStepIdentifier":"6f987afb-c655-440d-909c-896150af7892","ParentWorkflowIdentifier":"b36be5b2-b86f-4161-afa7-90eaa7de6b5f","Name":"ScriptParametersEntityFields","Value":"{\"Name\":\"\",\"IPv4 Address\":\"[InfobloxNIOS_DHCP Lease Lookup.JsonResult| \\\"address\\\" | first(1)]\",\"IPv6 Address\":\"\",\"Extended Attributes\":null,\"Limit\":\"100\"}"},{"ParentStepIdentifier":"6f987afb-c655-440d-909c-896150af7892","ParentWorkflowIdentifier":"b36be5b2-b86f-4161-afa7-90eaa7de6b5f","Name":"SelectedScopeName","Value":"All entities"},{"ParentStepIdentifier":"6f987afb-c655-440d-909c-896150af7892","ParentWorkflowIdentifier":"b36be5b2-b86f-4161-afa7-90eaa7de6b5f","Name":"UseEntitiesLoopScope","Value":null}],"AutoSkipOnFailure":false,"IsDebugMockData":false,"StepDebugData":null,"ParentStepContainerId":null,"IsTouchedByAi":false,"StartLoopStepIdentifier":null,"ParallelActions":[]},{"Identifier":"d4919d74-3268-4ab9-9f04-86e9ec6cc8b4","OriginalStepIdentifier":"d4919d74-3268-4ab9-9f04-86e9ec6cc8b4","ParentWorkflowIdentifier":"b36be5b2-b86f-4161-afa7-90eaa7de6b5f","ParentStepIdentifiers":["50f55902-1f1f-4023-8307-c8246f1ebda1"],"ParentStepIdentifier":"50f55902-1f1f-4023-8307-c8246f1ebda1","PreviousResultCondition":"{}","InstanceName":"InfobloxNIOS_DHCP Lease Lookup","IsAutomatic":true,"Name":"InfobloxNIOS_DHCP Lease Lookup","IsSkippable":false,"Description":"Retrieves DHCP lease details for input MAC Address.","ActionProvider":"Scripts","ActionName":"InfobloxNIOS_DHCP Lease Lookup","Type":0,"Integration":"InfobloxNIOS","Parameters":[{"ParentStepIdentifier":"d4919d74-3268-4ab9-9f04-86e9ec6cc8b4","ParentWorkflowIdentifier":"b36be5b2-b86f-4161-afa7-90eaa7de6b5f","Name":"AssignedUsers","Value":null},{"ParentStepIdentifier":"d4919d74-3268-4ab9-9f04-86e9ec6cc8b4","ParentWorkflowIdentifier":"b36be5b2-b86f-4161-afa7-90eaa7de6b5f","Name":"DynamicInjectionInstancePlaceholder","Value":""},{"ParentStepIdentifier":"d4919d74-3268-4ab9-9f04-86e9ec6cc8b4","ParentWorkflowIdentifier":"b36be5b2-b86f-4161-afa7-90eaa7de6b5f","Name":"FallbackIntegrationInstance","Value":null},{"ParentStepIdentifier":"d4919d74-3268-4ab9-9f04-86e9ec6cc8b4","ParentWorkflowIdentifier":"b36be5b2-b86f-4161-afa7-90eaa7de6b5f","Name":"FetchInstanceByName","Value":"false"},{"ParentStepIdentifier":"d4919d74-3268-4ab9-9f04-86e9ec6cc8b4","ParentWorkflowIdentifier":"b36be5b2-b86f-4161-afa7-90eaa7de6b5f","Name":"HasApprovalLink","Value":null},{"ParentStepIdentifier":"d4919d74-3268-4ab9-9f04-86e9ec6cc8b4","ParentWorkflowIdentifier":"b36be5b2-b86f-4161-afa7-90eaa7de6b5f","Name":"IntegrationInstance","Value":"71b7e238-8b13-4542-b2e8-c3e5a0d455ba"},{"ParentStepIdentifier":"d4919d74-3268-4ab9-9f04-86e9ec6cc8b4","ParentWorkflowIdentifier":"b36be5b2-b86f-4161-afa7-90eaa7de6b5f","Name":"MessageToAssignee","Value":null},{"ParentStepIdentifier":"d4919d74-3268-4ab9-9f04-86e9ec6cc8b4","ParentWorkflowIdentifier":"b36be5b2-b86f-4161-afa7-90eaa7de6b5f","Name":"PendingActionTimeout","Value":null},{"ParentStepIdentifier":"d4919d74-3268-4ab9-9f04-86e9ec6cc8b4","ParentWorkflowIdentifier":"b36be5b2-b86f-4161-afa7-90eaa7de6b5f","Name":"RetryConfiguration","Value":"{\"Enabled\":false,\"IntervalInSeconds\":30,\"NumberOfRetries\":1}"},{"ParentStepIdentifier":"d4919d74-3268-4ab9-9f04-86e9ec6cc8b4","ParentWorkflowIdentifier":"b36be5b2-b86f-4161-afa7-90eaa7de6b5f","Name":"ScriptName","Value":"InfobloxNIOS_DHCP Lease Lookup"},{"ParentStepIdentifier":"d4919d74-3268-4ab9-9f04-86e9ec6cc8b4","ParentWorkflowIdentifier":"b36be5b2-b86f-4161-afa7-90eaa7de6b5f","Name":"ScriptParametersEntityFields","Value":"{\"IP Address\":\"\",\"Hardware\":\"[MAC Input.ReturnValue]\",\"Hostname\":\"\",\"IPv6 DUID\":\"\",\"Protocol\":\"Both\",\"Fingerprint\":\"\",\"Username\":\"\",\"Limit\":\"100\"}"},{"ParentStepIdentifier":"d4919d74-3268-4ab9-9f04-86e9ec6cc8b4","ParentWorkflowIdentifier":"b36be5b2-b86f-4161-afa7-90eaa7de6b5f","Name":"SelectedScopeName","Value":"All entities"},{"ParentStepIdentifier":"d4919d74-3268-4ab9-9f04-86e9ec6cc8b4","ParentWorkflowIdentifier":"b36be5b2-b86f-4161-afa7-90eaa7de6b5f","Name":"UseEntitiesLoopScope","Value":null}],"AutoSkipOnFailure":false,"IsDebugMockData":false,"StepDebugData":null,"ParentStepContainerId":null,"IsTouchedByAi":false,"StartLoopStepIdentifier":null,"ParallelActions":[]}],"Triggers":[{"Identifier":"9583553f-d63b-4e80-a47c-b33d4664d3e9","IsEnabled":true,"DefinitionIdentifier":"b36be5b2-b86f-4161-afa7-90eaa7de6b5f","Type":8,"WorkflowName":null,"LogicalOperator":0,"Conditions":[{"FieldName":"","MatchType":0,"Value":""}],"Environments":["Default Environment"]}],"OverviewTemplates":[{"Identifier":"6713d6c7-fd60-4c4c-bc51-7344137adb6f","Name":"MAC Lease Result","Creator":null,"PlaybookDefinitionIdentifier":"b36be5b2-b86f-4161-afa7-90eaa7de6b5f","Type":0,"AlertRuleType":null,"Roles":[],"Widgets":[{"Title":"MAC Lease Lookup Result","Description":"","Identifier":"7e4d76b7-7a3f-464e-9c49-a4b47d34a2da","Order":1,"TemplateIdentifier":"6713d6c7-fd60-4c4c-bc51-7344137adb6f","Type":2,"DataDefinitionJson":"{\n  \"dataSource\": \"[InfobloxNIOS_DHCP Lease Lookup.JsonResult]\",\n  \"jsonSample\": null,\n  \"type\": 2,\n  \"widgetDefinitionScope\": 2\n}","GridColumns":1,"ActionWidgetTemplateIdentifier":null,"StepIdentifier":null,"StepIntegration":null,"BlockStepIdentifier":null,"BlockStepInstanceName":null,"PresentIfEmpty":false,"ConditionsGroup":{"Conditions":[],"LogicalOperator":0},"IntegrationName":""},{"Title":"Host Lookup Result","Description":"","Identifier":"d484e6b6-c257-440b-890d-bdfc50421c66","Order":2,"TemplateIdentifier":"6713d6c7-fd60-4c4c-bc51-7344137adb6f","Type":2,"DataDefinitionJson":"{\n  \"dataSource\": \"[InfobloxNIOS - Retrieves Host Info.JsonResult]\",\n  \"jsonSample\": null,\n  \"type\": 2,\n  \"widgetDefinitionScope\": 2\n}","GridColumns":1,"ActionWidgetTemplateIdentifier":null,"StepIdentifier":null,"StepIntegration":null,"BlockStepIdentifier":null,"BlockStepInstanceName":null,"PresentIfEmpty":false,"ConditionsGroup":{"Conditions":[],"LogicalOperator":0},"IntegrationName":""}]}],"Permissions":[],"Environments":["Default Environment"]}}