{"CategoryName":"InfobloxNIOS","OverviewTemplatesDetails":[{"OverviewTemplate":{"Identifier":"bbb46b7f-bb92-4cc9-a01a-cb623643de4b","Name":"Host Lookup Result","Creator":null,"PlaybookDefinitionIdentifier":"fe4d5fe3-9226-4f26-b168-963c08a3f444","Type":0,"AlertRuleType":null,"Roles":[],"Widgets":[{"Title":"Host Lookup Result","Description":"","Identifier":"e40ad18f-98b6-4315-a665-6ccd23d201c6","Order":1,"TemplateIdentifier":"bbb46b7f-bb92-4cc9-a01a-cb623643de4b","Type":2,"DataDefinitionJson":"{\n  \"dataSource\": \"[InfobloxNIOS - Host Lookup.JsonResult]\",\n  \"jsonSample\": null,\n  \"type\": 2,\n  \"widgetDefinitionScope\": 2\n}","GridColumns":1,"ActionWidgetTemplateIdentifier":null,"StepIdentifier":null,"StepIntegration":null,"BlockStepIdentifier":null,"BlockStepInstanceName":null,"PresentIfEmpty":false,"ConditionsGroup":{"Conditions":[],"LogicalOperator":0},"IntegrationName":""}]},"Roles":["Administrator","Tier1","Tier2","Tier3","SocManager","CISO"]}],"WidgetTemplates":[{"Title":"Host Lookup Result","Description":"","Identifier":"e40ad18f-98b6-4315-a665-6ccd23d201c6","Order":1,"TemplateIdentifier":"bbb46b7f-bb92-4cc9-a01a-cb623643de4b","Type":2,"DataDefinitionJson":"{\n  \"dataSource\": \"[InfobloxNIOS - Host Lookup.JsonResult]\",\n  \"jsonSample\": null,\n  \"type\": 2,\n  \"widgetDefinitionScope\": 2\n}","GridColumns":1,"ActionWidgetTemplateIdentifier":null,"StepIdentifier":null,"StepIntegration":null,"BlockStepIdentifier":null,"BlockStepInstanceName":null,"PresentIfEmpty":false,"ConditionsGroup":{"Conditions":[],"LogicalOperator":0},"IntegrationName":""}],"Definition":{"Identifier":"fe4d5fe3-9226-4f26-b168-963c08a3f444","IsEnable":true,"Version":0.0,"IsArchived":false,"IsAutomatic":true,"Name":"Host Lookup - Infoblox NIOS","Category":7,"Description":"Automate the enrichment of Host by leveraging Infoblox NIOS and asset information, enabling rapid and comprehensive insights for security events.","Priority":2,"Creator":"8c0c14e5-b213-43f3-abf0-8b570bcdda6e","VersionCreator":null,"VersionComment":null,"OriginalWorkflowIdentifier":"5ce2d74c-3848-4cf5-8180-7c4715740bc9","TemplateName":null,"PlaybookType":0,"IsDebugMode":false,"DebugBaseAlertIdentifier":null,"DebugAlertIdentifier":null,"SimulationClone":false,"DefaultAccessLevel":2,"CreationSource":1,"Steps":[{"Identifier":"0cbe2036-7d32-4351-82b0-15c71a317d60","OriginalStepIdentifier":"30fa07fa-b74b-4ab1-a22f-85690f3336c0","ParentWorkflowIdentifier":"fe4d5fe3-9226-4f26-b168-963c08a3f444","ParentStepIdentifiers":["62d40c53-06af-47a8-b25b-40d7114fcdc7"],"ParentStepIdentifier":"62d40c53-06af-47a8-b25b-40d7114fcdc7","PreviousResultCondition":"{}","InstanceName":"InfobloxNIOS - Host Lookup","IsAutomatic":true,"Name":"InfobloxNIOS_List Host Info","IsSkippable":false,"Description":"Retrieves host records from Infoblox including hostname, associated IPv4/IPv6 addresses (A/AAAA records), PTR records, DNS view information, and any configured extensible attributes.","ActionProvider":"Scripts","ActionName":"InfobloxNIOS_List Host Info","Type":0,"Integration":"InfobloxNIOS","Parameters":[{"ParentStepIdentifier":"0cbe2036-7d32-4351-82b0-15c71a317d60","ParentWorkflowIdentifier":"fe4d5fe3-9226-4f26-b168-963c08a3f444","Name":"AssignedUsers","Value":null},{"ParentStepIdentifier":"0cbe2036-7d32-4351-82b0-15c71a317d60","ParentWorkflowIdentifier":"fe4d5fe3-9226-4f26-b168-963c08a3f444","Name":"DynamicInjectionInstancePlaceholder","Value":""},{"ParentStepIdentifier":"0cbe2036-7d32-4351-82b0-15c71a317d60","ParentWorkflowIdentifier":"fe4d5fe3-9226-4f26-b168-963c08a3f444","Name":"FallbackIntegrationInstance","Value":null},{"ParentStepIdentifier":"0cbe2036-7d32-4351-82b0-15c71a317d60","ParentWorkflowIdentifier":"fe4d5fe3-9226-4f26-b168-963c08a3f444","Name":"FetchInstanceByName","Value":"false"},{"ParentStepIdentifier":"0cbe2036-7d32-4351-82b0-15c71a317d60","ParentWorkflowIdentifier":"fe4d5fe3-9226-4f26-b168-963c08a3f444","Name":"HasApprovalLink","Value":null},{"ParentStepIdentifier":"0cbe2036-7d32-4351-82b0-15c71a317d60","ParentWorkflowIdentifier":"fe4d5fe3-9226-4f26-b168-963c08a3f444","Name":"IntegrationInstance","Value":"4000ecbe-cf93-4199-9a40-088367070539"},{"ParentStepIdentifier":"0cbe2036-7d32-4351-82b0-15c71a317d60","ParentWorkflowIdentifier":"fe4d5fe3-9226-4f26-b168-963c08a3f444","Name":"MessageToAssignee","Value":null},{"ParentStepIdentifier":"0cbe2036-7d32-4351-82b0-15c71a317d60","ParentWorkflowIdentifier":"fe4d5fe3-9226-4f26-b168-963c08a3f444","Name":"PendingActionTimeout","Value":null},{"ParentStepIdentifier":"0cbe2036-7d32-4351-82b0-15c71a317d60","ParentWorkflowIdentifier":"fe4d5fe3-9226-4f26-b168-963c08a3f444","Name":"RetryConfiguration","Value":"{\"Enabled\":false,\"IntervalInSeconds\":30,\"NumberOfRetries\":1}"},{"ParentStepIdentifier":"0cbe2036-7d32-4351-82b0-15c71a317d60","ParentWorkflowIdentifier":"fe4d5fe3-9226-4f26-b168-963c08a3f444","Name":"ScriptName","Value":"InfobloxNIOS_List Host Info"},{"ParentStepIdentifier":"0cbe2036-7d32-4351-82b0-15c71a317d60","ParentWorkflowIdentifier":"fe4d5fe3-9226-4f26-b168-963c08a3f444","Name":"ScriptParametersEntityFields","Value":"{\"Name\":\" [Host Input.ReturnValue]\",\"IPv4 Address\":\"\",\"IPv6 Address\":\"\",\"Extended Attributes\":null,\"Limit\":\"100\"}"},{"ParentStepIdentifier":"0cbe2036-7d32-4351-82b0-15c71a317d60","ParentWorkflowIdentifier":"fe4d5fe3-9226-4f26-b168-963c08a3f444","Name":"SelectedScopeName","Value":"All entities"},{"ParentStepIdentifier":"0cbe2036-7d32-4351-82b0-15c71a317d60","ParentWorkflowIdentifier":"fe4d5fe3-9226-4f26-b168-963c08a3f444","Name":"UseEntitiesLoopScope","Value":null}],"AutoSkipOnFailure":false,"IsDebugMockData":false,"StepDebugData":null,"ParentStepContainerId":null,"IsTouchedByAi":false,"StartLoopStepIdentifier":null,"ParallelActions":[]},{"Identifier":"62d40c53-06af-47a8-b25b-40d7114fcdc7","OriginalStepIdentifier":"3c63d89e-0729-4bd6-9373-6fc18617d0f8","ParentWorkflowIdentifier":"fe4d5fe3-9226-4f26-b168-963c08a3f444","ParentStepIdentifiers":[],"ParentStepIdentifier":"","PreviousResultCondition":null,"InstanceName":"Host Input","IsAutomatic":false,"Name":"Indicator Input","IsSkippable":false,"Description":"Add Indicator Input","ActionProvider":"Flow","ActionName":"NestedAction","Type":5,"Integration":"Siemplify","Parameters":[{"ParentStepIdentifier":"62d40c53-06af-47a8-b25b-40d7114fcdc7","ParentWorkflowIdentifier":"fe4d5fe3-9226-4f26-b168-963c08a3f444","Name":"AssignedUsers","Value":"[\"@Administrator\"]"},{"ParentStepIdentifier":"62d40c53-06af-47a8-b25b-40d7114fcdc7","ParentWorkflowIdentifier":"fe4d5fe3-9226-4f26-b168-963c08a3f444","Name":"HasApprovalLink","Value":null},{"ParentStepIdentifier":"62d40c53-06af-47a8-b25b-40d7114fcdc7","ParentWorkflowIdentifier":"fe4d5fe3-9226-4f26-b168-963c08a3f444","Name":"MessageToAssignee","Value":"Please enter a valid hostname for Host Lookup"},{"ParentStepIdentifier":"62d40c53-06af-47a8-b25b-40d7114fcdc7","ParentWorkflowIdentifier":"fe4d5fe3-9226-4f26-b168-963c08a3f444","Name":"NestedWorkflowIdentifier","Value":"82ba896d-4158-436d-a213-127886c4a09a"},{"ParentStepIdentifier":"62d40c53-06af-47a8-b25b-40d7114fcdc7","ParentWorkflowIdentifier":"fe4d5fe3-9226-4f26-b168-963c08a3f444","Name":"NestedWorkflowInputs","Value":"[{\"FieldName\":\"Indicator\",\"MatchType\":0,\"Value\":null}]"},{"ParentStepIdentifier":"62d40c53-06af-47a8-b25b-40d7114fcdc7","ParentWorkflowIdentifier":"fe4d5fe3-9226-4f26-b168-963c08a3f444","Name":"PendingActionTimeout","Value":null},{"ParentStepIdentifier":"62d40c53-06af-47a8-b25b-40d7114fcdc7","ParentWorkflowIdentifier":"fe4d5fe3-9226-4f26-b168-963c08a3f444","Name":"UseEntitiesLoopScope","Value":"true"}],"AutoSkipOnFailure":false,"IsDebugMockData":false,"StepDebugData":null,"ParentStepContainerId":null,"IsTouchedByAi":false,"StartLoopStepIdentifier":null,"ParallelActions":[]}],"Triggers":[{"Identifier":"c3b0eb20-cc54-4b37-8e3a-a165702ab0fc","IsEnabled":true,"DefinitionIdentifier":"fe4d5fe3-9226-4f26-b168-963c08a3f444","Type":8,"WorkflowName":null,"LogicalOperator":0,"Conditions":[{"FieldName":"","MatchType":0,"Value":""}],"Environments":["Default Environment"]}],"OverviewTemplates":[{"Identifier":"bbb46b7f-bb92-4cc9-a01a-cb623643de4b","Name":"Host Lookup Result","Creator":null,"PlaybookDefinitionIdentifier":"fe4d5fe3-9226-4f26-b168-963c08a3f444","Type":0,"AlertRuleType":null,"Roles":[],"Widgets":[{"Title":"Host Lookup Result","Description":"","Identifier":"e40ad18f-98b6-4315-a665-6ccd23d201c6","Order":1,"TemplateIdentifier":"bbb46b7f-bb92-4cc9-a01a-cb623643de4b","Type":2,"DataDefinitionJson":"{\n  \"dataSource\": \"[InfobloxNIOS - Host Lookup.JsonResult]\",\n  \"jsonSample\": null,\n  \"type\": 2,\n  \"widgetDefinitionScope\": 2\n}","GridColumns":1,"ActionWidgetTemplateIdentifier":null,"StepIdentifier":null,"StepIntegration":null,"BlockStepIdentifier":null,"BlockStepInstanceName":null,"PresentIfEmpty":false,"ConditionsGroup":{"Conditions":[],"LogicalOperator":0},"IntegrationName":""}]}],"Permissions":[],"Environments":["Default Environment"]}}