{"CategoryName":"InfobloxThreatDefenseWithDDI","OverviewTemplatesDetails":[{"OverviewTemplate":{"Identifier":"951d6518-6262-44cc-8a0c-b716210dd808","Name":"Insight Results","Creator":null,"PlaybookDefinitionIdentifier":"7200227b-fa15-4068-8237-ec9619df57f0","Type":0,"AlertRuleType":null,"Roles":[],"Widgets":[{"Title":"SOC Insight Events Result","Description":"","Identifier":"c10fc9d3-bd91-439f-b171-c81b65ec55d9","Order":1,"TemplateIdentifier":"951d6518-6262-44cc-8a0c-b716210dd808","Type":2,"DataDefinitionJson":"{\n  \"dataSource\": \"[Incident Response on SOC Insight Block.Infoblox - Get SOC Insight Events.JsonResult]\",\n  \"jsonSample\": null,\n  \"type\": 2,\n  \"widgetDefinitionScope\": 2\n}","GridColumns":1,"ActionWidgetTemplateIdentifier":null,"StepIdentifier":null,"StepIntegration":null,"BlockStepIdentifier":null,"BlockStepInstanceName":null,"PresentIfEmpty":false,"ConditionsGroup":{"Conditions":[],"LogicalOperator":0},"IntegrationName":""},{"Title":"SOC Insight Indicators Result","Description":"","Identifier":"c12c2231-987a-460a-850f-b4657ad71a4b","Order":2,"TemplateIdentifier":"951d6518-6262-44cc-8a0c-b716210dd808","Type":2,"DataDefinitionJson":"{\n  \"dataSource\": \"[Incident Response on SOC Insight Block.Infoblox Get SOC Insights Indicators.JsonResult]\",\n  \"jsonSample\": null,\n  \"type\": 2,\n  \"widgetDefinitionScope\": 2\n}","GridColumns":1,"ActionWidgetTemplateIdentifier":null,"StepIdentifier":null,"StepIntegration":null,"BlockStepIdentifier":null,"BlockStepInstanceName":null,"PresentIfEmpty":false,"ConditionsGroup":{"Conditions":[],"LogicalOperator":0},"IntegrationName":""},{"Title":"SOC Insight Assets Result","Description":"","Identifier":"b7bef463-d0ba-477d-8561-9b52f0d93a18","Order":3,"TemplateIdentifier":"951d6518-6262-44cc-8a0c-b716210dd808","Type":2,"DataDefinitionJson":"{\n  \"dataSource\": \"[Incident Response on SOC Insight Block.Infoblox - Get SOC Insights Assets.JsonResult]\",\n  \"jsonSample\": null,\n  \"type\": 2,\n  \"widgetDefinitionScope\": 2\n}","GridColumns":1,"ActionWidgetTemplateIdentifier":null,"StepIdentifier":null,"StepIntegration":null,"BlockStepIdentifier":null,"BlockStepInstanceName":null,"PresentIfEmpty":false,"ConditionsGroup":{"Conditions":[],"LogicalOperator":0},"IntegrationName":""},{"Title":"SOC Insight Comments Result","Description":"","Identifier":"0cc5d6f9-5fb5-48c0-822c-8b0858759521","Order":4,"TemplateIdentifier":"951d6518-6262-44cc-8a0c-b716210dd808","Type":2,"DataDefinitionJson":"{\n  \"dataSource\": \"[Incident Response on SOC Insight Block.Infoblox Get SOC Insights Comments.JsonResult]\",\n  \"jsonSample\": null,\n  \"type\": 2,\n  \"widgetDefinitionScope\": 2\n}","GridColumns":1,"ActionWidgetTemplateIdentifier":null,"StepIdentifier":null,"StepIntegration":null,"BlockStepIdentifier":null,"BlockStepInstanceName":null,"PresentIfEmpty":false,"ConditionsGroup":{"Conditions":[],"LogicalOperator":0},"IntegrationName":""}]},"Roles":["Administrator","Tier1","Tier2","Tier3","SocManager","CISO"]}],"WidgetTemplates":[{"Title":"SOC Insight Events Result","Description":"","Identifier":"c10fc9d3-bd91-439f-b171-c81b65ec55d9","Order":1,"TemplateIdentifier":"951d6518-6262-44cc-8a0c-b716210dd808","Type":2,"DataDefinitionJson":"{\n  \"dataSource\": \"[Incident Response on SOC Insight Block.Infoblox - Get SOC Insight Events.JsonResult]\",\n  \"jsonSample\": null,\n  \"type\": 2,\n  \"widgetDefinitionScope\": 2\n}","GridColumns":1,"ActionWidgetTemplateIdentifier":null,"StepIdentifier":null,"StepIntegration":null,"BlockStepIdentifier":null,"BlockStepInstanceName":null,"PresentIfEmpty":false,"ConditionsGroup":{"Conditions":[],"LogicalOperator":0},"IntegrationName":""},{"Title":"SOC Insight Indicators Result","Description":"","Identifier":"c12c2231-987a-460a-850f-b4657ad71a4b","Order":2,"TemplateIdentifier":"951d6518-6262-44cc-8a0c-b716210dd808","Type":2,"DataDefinitionJson":"{\n  \"dataSource\": \"[Incident Response on SOC Insight Block.Infoblox Get SOC Insights Indicators.JsonResult]\",\n  \"jsonSample\": null,\n  \"type\": 2,\n  \"widgetDefinitionScope\": 2\n}","GridColumns":1,"ActionWidgetTemplateIdentifier":null,"StepIdentifier":null,"StepIntegration":null,"BlockStepIdentifier":null,"BlockStepInstanceName":null,"PresentIfEmpty":false,"ConditionsGroup":{"Conditions":[],"LogicalOperator":0},"IntegrationName":""},{"Title":"SOC Insight Assets Result","Description":"","Identifier":"b7bef463-d0ba-477d-8561-9b52f0d93a18","Order":3,"TemplateIdentifier":"951d6518-6262-44cc-8a0c-b716210dd808","Type":2,"DataDefinitionJson":"{\n  \"dataSource\": \"[Incident Response on SOC Insight Block.Infoblox - Get SOC Insights Assets.JsonResult]\",\n  \"jsonSample\": null,\n  \"type\": 2,\n  \"widgetDefinitionScope\": 2\n}","GridColumns":1,"ActionWidgetTemplateIdentifier":null,"StepIdentifier":null,"StepIntegration":null,"BlockStepIdentifier":null,"BlockStepInstanceName":null,"PresentIfEmpty":false,"ConditionsGroup":{"Conditions":[],"LogicalOperator":0},"IntegrationName":""},{"Title":"SOC Insight Comments Result","Description":"","Identifier":"0cc5d6f9-5fb5-48c0-822c-8b0858759521","Order":4,"TemplateIdentifier":"951d6518-6262-44cc-8a0c-b716210dd808","Type":2,"DataDefinitionJson":"{\n  \"dataSource\": \"[Incident Response on SOC Insight Block.Infoblox Get SOC Insights Comments.JsonResult]\",\n  \"jsonSample\": null,\n  \"type\": 2,\n  \"widgetDefinitionScope\": 2\n}","GridColumns":1,"ActionWidgetTemplateIdentifier":null,"StepIdentifier":null,"StepIntegration":null,"BlockStepIdentifier":null,"BlockStepInstanceName":null,"PresentIfEmpty":false,"ConditionsGroup":{"Conditions":[],"LogicalOperator":0},"IntegrationName":""}],"Definition":{"Identifier":"7200227b-fa15-4068-8237-ec9619df57f0","IsEnable":true,"Version":0.0,"IsArchived":false,"IsAutomatic":false,"Name":"Incident Response on SOC Insight  -  Infoblox","Category":5,"Description":"This Playbook is used to identify the suspiciousness of the insight from its events and creates a Service Now Incident if the insight event found to be suspicious.","Priority":1,"Creator":"7e00107d-47b3-4b36-b9ea-8473eb831c6a","VersionCreator":null,"VersionComment":null,"OriginalWorkflowIdentifier":"9e86e901-a9c5-4b96-bd59-cbc545578668","TemplateName":null,"PlaybookType":0,"IsDebugMode":false,"DebugBaseAlertIdentifier":"SUSPICIOUS - EMERGENTDOMAIN_01EB6E09-F809-42AB-9E7D-0D2FF48D1A8D","DebugAlertIdentifier":"SUSPICIOUS - EMERGENTDOMAINB88C1F57-7CC2-4FE3-A015-72D68B387BBA","SimulationClone":false,"DefaultAccessLevel":2,"CreationSource":1,"Steps":[{"Identifier":"83c1b636-bb2c-45da-abc2-8cb96f81b47e","OriginalStepIdentifier":"a36c9cdc-5939-426c-b41a-dd2f75e273ae","ParentWorkflowIdentifier":"7200227b-fa15-4068-8237-ec9619df57f0","ParentStepIdentifiers":["96e256db-c585-48e3-9f12-5254b41a9e28"],"ParentStepIdentifier":"96e256db-c585-48e3-9f12-5254b41a9e28","PreviousResultCondition":"{}","InstanceName":"Incident Response on SOC Insight Block_1","IsAutomatic":true,"Name":"Incident Response on SOC Insight Block","IsSkippable":false,"Description":"This block is used to identify the suspiciousness of the insight and creates a Service Now Incident if the insight found to be suspicious.","ActionProvider":"Flow","ActionName":"NestedAction","Type":5,"Integration":"Siemplify","Parameters":[{"ParentStepIdentifier":"83c1b636-bb2c-45da-abc2-8cb96f81b47e","ParentWorkflowIdentifier":"7200227b-fa15-4068-8237-ec9619df57f0","Name":"AssignedUsers","Value":null},{"ParentStepIdentifier":"83c1b636-bb2c-45da-abc2-8cb96f81b47e","ParentWorkflowIdentifier":"7200227b-fa15-4068-8237-ec9619df57f0","Name":"HasApprovalLink","Value":null},{"ParentStepIdentifier":"83c1b636-bb2c-45da-abc2-8cb96f81b47e","ParentWorkflowIdentifier":"7200227b-fa15-4068-8237-ec9619df57f0","Name":"MessageToAssignee","Value":null},{"ParentStepIdentifier":"83c1b636-bb2c-45da-abc2-8cb96f81b47e","ParentWorkflowIdentifier":"7200227b-fa15-4068-8237-ec9619df57f0","Name":"NestedWorkflowIdentifier","Value":"3b07fbdd-0735-453d-b5d9-5b13cf8fa6a6"},{"ParentStepIdentifier":"83c1b636-bb2c-45da-abc2-8cb96f81b47e","ParentWorkflowIdentifier":"7200227b-fa15-4068-8237-ec9619df57f0","Name":"NestedWorkflowInputs","Value":"[{\"FieldName\":\"Insight ID\",\"MatchType\":0,\"Value\":\"[Insight ID Input.ReturnValue]\\n\"}]"},{"ParentStepIdentifier":"83c1b636-bb2c-45da-abc2-8cb96f81b47e","ParentWorkflowIdentifier":"7200227b-fa15-4068-8237-ec9619df57f0","Name":"PendingActionTimeout","Value":null},{"ParentStepIdentifier":"83c1b636-bb2c-45da-abc2-8cb96f81b47e","ParentWorkflowIdentifier":"7200227b-fa15-4068-8237-ec9619df57f0","Name":"UseEntitiesLoopScope","Value":"true"}],"AutoSkipOnFailure":false,"IsDebugMockData":false,"StepDebugData":null,"ParentStepContainerId":null,"IsTouchedByAi":false,"StartLoopStepIdentifier":null,"ParallelActions":[]},{"Identifier":"96e256db-c585-48e3-9f12-5254b41a9e28","OriginalStepIdentifier":"b21988ce-fc19-4bb6-bcf9-6cf99b0721a4","ParentWorkflowIdentifier":"7200227b-fa15-4068-8237-ec9619df57f0","ParentStepIdentifiers":[],"ParentStepIdentifier":"","PreviousResultCondition":"{}","InstanceName":"Insight ID Input","IsAutomatic":true,"Name":"Indicator Input","IsSkippable":false,"Description":"Add Indicator Input","ActionProvider":"Flow","ActionName":"NestedAction","Type":5,"Integration":"Siemplify","Parameters":[{"ParentStepIdentifier":"96e256db-c585-48e3-9f12-5254b41a9e28","ParentWorkflowIdentifier":"7200227b-fa15-4068-8237-ec9619df57f0","Name":"AssignedUsers","Value":null},{"ParentStepIdentifier":"96e256db-c585-48e3-9f12-5254b41a9e28","ParentWorkflowIdentifier":"7200227b-fa15-4068-8237-ec9619df57f0","Name":"DynamicInjectionInstancePlaceholder","Value":null},{"ParentStepIdentifier":"96e256db-c585-48e3-9f12-5254b41a9e28","ParentWorkflowIdentifier":"7200227b-fa15-4068-8237-ec9619df57f0","Name":"FetchInstanceByName","Value":null},{"ParentStepIdentifier":"96e256db-c585-48e3-9f12-5254b41a9e28","ParentWorkflowIdentifier":"7200227b-fa15-4068-8237-ec9619df57f0","Name":"HasApprovalLink","Value":null},{"ParentStepIdentifier":"96e256db-c585-48e3-9f12-5254b41a9e28","ParentWorkflowIdentifier":"7200227b-fa15-4068-8237-ec9619df57f0","Name":"MessageToAssignee","Value":null},{"ParentStepIdentifier":"96e256db-c585-48e3-9f12-5254b41a9e28","ParentWorkflowIdentifier":"7200227b-fa15-4068-8237-ec9619df57f0","Name":"NestedWorkflowIdentifier","Value":"82ba896d-4158-436d-a213-127886c4a09a"},{"ParentStepIdentifier":"96e256db-c585-48e3-9f12-5254b41a9e28","ParentWorkflowIdentifier":"7200227b-fa15-4068-8237-ec9619df57f0","Name":"NestedWorkflowInputs","Value":"[{\"FieldName\":\"Indicator\",\"Value\":\"[Alert.InsightId]\"}]"},{"ParentStepIdentifier":"96e256db-c585-48e3-9f12-5254b41a9e28","ParentWorkflowIdentifier":"7200227b-fa15-4068-8237-ec9619df57f0","Name":"PendingActionTimeout","Value":null},{"ParentStepIdentifier":"96e256db-c585-48e3-9f12-5254b41a9e28","ParentWorkflowIdentifier":"7200227b-fa15-4068-8237-ec9619df57f0","Name":"UseEntitiesLoopScope","Value":"true"}],"AutoSkipOnFailure":false,"IsDebugMockData":false,"StepDebugData":null,"ParentStepContainerId":null,"IsTouchedByAi":false,"StartLoopStepIdentifier":null,"ParallelActions":[]}],"Triggers":[{"Identifier":"368f57d7-4bdb-4591-98d6-4b6dd94c2625","IsEnabled":true,"DefinitionIdentifier":"7200227b-fa15-4068-8237-ec9619df57f0","Type":10,"WorkflowName":null,"LogicalOperator":0,"Conditions":[{"FieldName":"[Alert.RuleGenerator]","MatchType":1,"Value":"Infoblox: Insight"}],"Environments":["*"]}],"OverviewTemplates":[{"Identifier":"951d6518-6262-44cc-8a0c-b716210dd808","Name":"Insight Results","Creator":null,"PlaybookDefinitionIdentifier":"7200227b-fa15-4068-8237-ec9619df57f0","Type":0,"AlertRuleType":null,"Roles":[],"Widgets":[{"Title":"SOC Insight Events Result","Description":"","Identifier":"c10fc9d3-bd91-439f-b171-c81b65ec55d9","Order":1,"TemplateIdentifier":"951d6518-6262-44cc-8a0c-b716210dd808","Type":2,"DataDefinitionJson":"{\n  \"dataSource\": \"[Incident Response on SOC Insight Block.Infoblox - Get SOC Insight Events.JsonResult]\",\n  \"jsonSample\": null,\n  \"type\": 2,\n  \"widgetDefinitionScope\": 2\n}","GridColumns":1,"ActionWidgetTemplateIdentifier":null,"StepIdentifier":null,"StepIntegration":null,"BlockStepIdentifier":null,"BlockStepInstanceName":null,"PresentIfEmpty":false,"ConditionsGroup":{"Conditions":[],"LogicalOperator":0},"IntegrationName":""},{"Title":"SOC Insight Indicators Result","Description":"","Identifier":"c12c2231-987a-460a-850f-b4657ad71a4b","Order":2,"TemplateIdentifier":"951d6518-6262-44cc-8a0c-b716210dd808","Type":2,"DataDefinitionJson":"{\n  \"dataSource\": \"[Incident Response on SOC Insight Block.Infoblox Get SOC Insights Indicators.JsonResult]\",\n  \"jsonSample\": null,\n  \"type\": 2,\n  \"widgetDefinitionScope\": 2\n}","GridColumns":1,"ActionWidgetTemplateIdentifier":null,"StepIdentifier":null,"StepIntegration":null,"BlockStepIdentifier":null,"BlockStepInstanceName":null,"PresentIfEmpty":false,"ConditionsGroup":{"Conditions":[],"LogicalOperator":0},"IntegrationName":""},{"Title":"SOC Insight Assets Result","Description":"","Identifier":"b7bef463-d0ba-477d-8561-9b52f0d93a18","Order":3,"TemplateIdentifier":"951d6518-6262-44cc-8a0c-b716210dd808","Type":2,"DataDefinitionJson":"{\n  \"dataSource\": \"[Incident Response on SOC Insight Block.Infoblox - Get SOC Insights Assets.JsonResult]\",\n  \"jsonSample\": null,\n  \"type\": 2,\n  \"widgetDefinitionScope\": 2\n}","GridColumns":1,"ActionWidgetTemplateIdentifier":null,"StepIdentifier":null,"StepIntegration":null,"BlockStepIdentifier":null,"BlockStepInstanceName":null,"PresentIfEmpty":false,"ConditionsGroup":{"Conditions":[],"LogicalOperator":0},"IntegrationName":""},{"Title":"SOC Insight Comments Result","Description":"","Identifier":"0cc5d6f9-5fb5-48c0-822c-8b0858759521","Order":4,"TemplateIdentifier":"951d6518-6262-44cc-8a0c-b716210dd808","Type":2,"DataDefinitionJson":"{\n  \"dataSource\": \"[Incident Response on SOC Insight Block.Infoblox Get SOC Insights Comments.JsonResult]\",\n  \"jsonSample\": null,\n  \"type\": 2,\n  \"widgetDefinitionScope\": 2\n}","GridColumns":1,"ActionWidgetTemplateIdentifier":null,"StepIdentifier":null,"StepIntegration":null,"BlockStepIdentifier":null,"BlockStepInstanceName":null,"PresentIfEmpty":false,"ConditionsGroup":{"Conditions":[],"LogicalOperator":0},"IntegrationName":""}]}],"Permissions":[],"Environments":["*"]}}