{"CategoryName":"Infoblox","OverviewTemplatesDetails":[],"WidgetTemplates":[],"Definition":{"Identifier":"01acdee6-2031-47a5-8d43-4010c533aad4","IsEnable":true,"Version":0.0,"IsArchived":false,"IsAutomatic":true,"Name":"Indicator Input","Category":5,"Description":"Add Indicator Input","Priority":2,"Creator":"99de6441-a995-4190-82dd-f6a9f449cae5","VersionCreator":null,"VersionComment":null,"OriginalWorkflowIdentifier":"01acdee6-2031-47a5-8d43-4010c533aad4","TemplateName":null,"PlaybookType":1,"IsDebugMode":false,"DebugBaseAlertIdentifier":null,"DebugAlertIdentifier":null,"SimulationClone":false,"DefaultAccessLevel":2,"CreationSource":1,"Steps":[{"Identifier":"2121a671-e4a8-445c-92cf-5b652bf05b2c","OriginalStepIdentifier":"2121a671-e4a8-445c-92cf-5b652bf05b2c","ParentWorkflowIdentifier":"01acdee6-2031-47a5-8d43-4010c533aad4","ParentStepIdentifiers":[],"ParentStepIdentifier":"","PreviousResultCondition":null,"InstanceName":"Output_1","IsAutomatic":true,"Name":"Output","IsSkippable":false,"Description":"","ActionProvider":"Flow","ActionName":"OutputAction","Type":6,"Integration":"Flow","Parameters":[{"ParentStepIdentifier":"2121a671-e4a8-445c-92cf-5b652bf05b2c","ParentWorkflowIdentifier":"01acdee6-2031-47a5-8d43-4010c533aad4","Name":"NestedWorkflowOutput","Value":"[Input.Indicator]"}],"AutoSkipOnFailure":false,"IsDebugMockData":false,"StepDebugData":{"CreationTimeUnixTimeInMs":0,"ModificationTimeUnixTimeInMs":0,"OriginalWorkflowIdentifier":"01acdee6-2031-47a5-8d43-4010c533aad4","OriginalStepIdentifier":"2121a671-e4a8-445c-92cf-5b652bf05b2c","ResultValue":"","ResultJson":"","ScopeEntitiesEnrichmentData":[],"ScopeEntitiesEnrichmentDataJson":"[]"},"ParentStepContainerId":null,"IsTouchedByAi":false,"StartLoopStepIdentifier":null,"ParallelActions":[]}],"Triggers":[{"Identifier":"a4c12607-c5d7-4560-8a3c-f5ce258e2683","IsEnabled":true,"DefinitionIdentifier":"01acdee6-2031-47a5-8d43-4010c533aad4","Type":11,"WorkflowName":null,"LogicalOperator":0,"Conditions":[{"FieldName":"Indicator","MatchType":0,"Value":null}],"Environments":["*"]}],"OverviewTemplates":[],"Permissions":[],"Environments":["*"]}}